Apfel,fruits
Banane,fruits
Teigtaschen (TK),frozen_goods
Ramen,pasta
Garnelen,fish
Udon,pasta
Weizenbrot,bread
Pita,bread
Lorbeerblatt,spices
Béchamelsauce,sauces
Butter,dairy_goods
Erdbeerbonbons,candy
Marshmallows,confectionery
Mais,canned_goods
Spinat (TK),frozen_goods
Penne,pasta
Hollandaise,sauces
Wellensittichfutter,pet_food
Currysoße,sauces
Ziegenkäse,dairy_goods
Mascarpone,dairy_goods
Reis,groats
Pfeffer,spices
Focaccia,bread
Udon,pasta
Eiscreme,frozen_goods
Fladenbrot,bread
Penne,pasta
Birne,fruits
Rigatoni,pasta
Maccheroni,pasta
Lachsfilet,fish
Lakritz,confectionery
Erdbeerbonbons,candy
Bratwurst,meat
Haferschrot,groats
Lasagneplatten,pasta
Orangensaft,drinks
Kurkuma,spices
Radieschen,vegetables
Brownies,confectionery
Mineralwasser,drinks
Butter,dairy_goods
Mortadella,meat
Haferbrei,child_food
Karpfen,fish
Couscous,pasta
Teigtaschen (TK),frozen_goods
Radieschen,vegetables
Banane,fruits
Brötchen,bread
Tee,drinks
Paprika,vegetables
Hunde-Kauknochen,pet_food
Mascarpone,dairy_goods
Birne,fruits
Bratwurst,meat
Katzenleckerlies,pet_food
Wheatberries,groats
Teigtaschen (TK),frozen_goods
Wein,drinks
Tomate,vegetables
Pesto,sauces
Fusilli,pasta
Seehecht,fish
Barbecuesauce,sauces
Himbeeren (TK),frozen_goods
Udon,pasta
Schildkrötenfutter,pet_food
Nektarine,fruits
Tartarensauce,sauces
Gerstenflocken,groats
Skyr,dairy_goods
Amaranth,groats
Früchtekompott,canned_goods
Mayonnaise,sauces
Milchnahrung,child_food
Aubergine,vegetables
Kindertee,child_food
Bier,drinks
Penne,pasta
Sojasauce,sauces
Prosecco,drinks
Brokkoli,vegetables
Tee,drinks
Filetsteak,meat
Kaubonbons,candy
Barbecuesauce,sauces
Haferflocken,groats
Pilze,canned_goods
Schokolade,confectionery
Hecht,fish
Quark,dairy_goods
Mineralwasser,drinks
Makrele,fish
Hollandaise,sauces
Mango,fruits
Kaubonbons,candy
Gerste,groats
Toastbrot,bread
Hot Sauce,sauces
Scholle,fish
Ananas,fruits
Gemüsemix,canned_goods
Currywurst,meat
Hollandaise,sauces
Kidneybohnen,canned_goods
Orange,fruits
Papaya,fruits
Roggenbrot,bread
Mentholbonbons,candy
Apfelsaft,drinks
Gummibärli,candy
Gin,drinks
Gläschenkost,child_food
Lakritzdragees,candy
Putenbrust,meat
Teigtaschen (TK),frozen_goods
Muskat,spices
Tierfutter,pet_food
Ricotta,dairy_goods
Gnocchi,pasta
Lachsfilet,fish
Tomaten,canned_goods
Fruchtpüree,child_food
Pizzasauce,sauces
Bohnen,vegetables
Braten,meat
Hunde-Kauknochen,pet_food
Hollandaise,sauces
Ananas,fruits
Amaranth,groats
Muskat,spices
Kaninchenfutter,pet_food
Chicken Nuggets,frozen_goods
Milde Suppe,child_food
Lakritz,confectionery
Joghurt,dairy_goods
Kinderpunsch,child_food
Ramen,pasta
Orangensaft,drinks
Sojasauce,sauces
Paprika,vegetables
Bratwurst,meat
Grieß,groats
Ramen,pasta
Pralinen,confectionery
Apfelsaft,drinks
Gnocchi,pasta
Béchamelsauce,sauces
Whiskey,drinks
Tierfutter,pet_food
Petersilie,spices
Ziegenkäse,dairy_goods
Zitronenbonbons,candy
Lorbeerblatt,spices
Eiscreme,frozen_goods
Radieschen,vegetables
Milde Suppe,child_food
Spinat,vegetables
Chilisauce,sauces
Lakritzschnecken,candy
Pita,bread
Erbsen (TK),frozen_goods
Sardellen,canned_goods
Fruchtgummi,candy
Schokolade,confectionery
Gemüsebrei,child_food
Currysoße,sauces
Mentholbonbons,candy
Gerstenflocken,groats
Muskat,spices
Salsa,sauces
Kindermüsli,child_food
Cookies,confectionery
Traube,fruits
Sardellen,canned_goods
Zwiebelbrot,bread
Zucchini,vegetables
Kabeljau,fish
Toastbrot,bread
Babykeks,child_food
Katzenfutter,pet_food
Erbsen,canned_goods
Zitrone,fruits
Pfirsich,fruits
Spinat,vegetables
Banane,fruits
Sellerie,vegetables
Flunder,fish
Farfalline,pasta
Polenta,groats
Eistee,drinks
Petersilie,spices
Vodka,drinks
Marshmallows,confectionery
Buchweizen,groats
Gerstenflocken,groats
Schokolade,confectionery
Babykost,child_food
Wassermelone,fruits
Karamell,confectionery
Körnerbrot,bread
Pita,bread
Orzo,pasta
Babykost,child_food
Mie-Nudeln,pasta
Quinoa,groats
Chili,spices
Paprika,vegetables
Lakritz,confectionery
Oregano,spices
Wassermelone,fruits
Tintenfisch,fish
Vogelfutter,pet_food
Babyteig,child_food
Fischstäbchen,frozen_goods
Gemüsebrei,child_food
Polenta,groats
Polenta,groats
Hollandaise,sauces
Schinken,meat
Chilisauce,sauces
Braten,meat
Couscous,pasta
Vanilleeis,frozen_goods
Spinat (TK),frozen_goods
Leberwurst,meat
Muscheln,fish
Spaetzle,pasta
Haferbrei,child_food
Kaninchenfutter,pet_food
Kinderjoghurt,child_food
Bauernbrot,bread
Dinkelgrütze,groats
Fischbrei,child_food
Schokolade,confectionery
Zitronenbonbons,candy
Kaubonbons,candy
Vodka,drinks
Rinderhack,meat
Hundefutter,pet_food
Hot Sauce,sauces
Erbsen,vegetables
Couscous,pasta
Braten,meat
Donuts,confectionery
Gouda Käse,dairy_goods
Orange,fruits
Bonbons,confectionery
Wheatberries,groats
Tartarensauce,sauces
Milde Suppe,child_food
Dinkelbrot,bread
Sekt,drinks
Bier,drinks
Mozzarella,dairy_goods
Couscous,pasta
Schweinekotelett,meat
Udon,pasta
Cannelloni,pasta
Cola-Bonbons,candy
Erbsen,vegetables
Vogelfutter,pet_food
Kindermüsli,child_food
Rum,drinks
Gyros,meat
Apfel,fruits
Tierfutter,pet_food
Sojasauce,sauces
Glasnudeln,pasta
Süßigkeitenmix,candy
Rinderhack,meat
Brötchen,bread
Cupcakes,confectionery
Filetsteak,meat
Zimt,spices
Tintenfisch,fish
Knäckebrot,bread
Fischbrei,child_food
Gummibärchen,confectionery
Tartarensauce,sauces
Spinat (TK),frozen_goods
Wassermelone,fruits
Zucchini,vegetables
Salz,spices
Orange,fruits
Krabben,fish
Mayonnaise,sauces
Kindertee,child_food
Thunfisch,canned_goods
Lutschbonbons,candy
Fruchtpüree,child_food
Lachsfilet,fish
Rosmarin,spices
Blaubeeren (TK),frozen_goods
Brötchen,bread
Reisbrei,child_food
Meerschweinchenfutter,pet_food
Meerschweinchenfutter,pet_food
Spaetzle,pasta
Vogelsamen,pet_food
Fruchtpüree,child_food
Ketchup,sauces
Toastbrot,bread
Mozzarella,dairy_goods
Pommes Frites,frozen_goods
Mozzarella,dairy_goods
Gouda Käse,dairy_goods
Babyteig,child_food
Cola,drinks
Schokolade,confectionery
Sardellen,canned_goods
Limette,fruits
Eiscreme,frozen_goods
Couscous,groats
Chili,spices
Ziegenkäse,dairy_goods
Tiefkühlpizza,frozen_goods
Nougat,confectionery
Sojasauce,sauces
Hähnchenbrust,meat
Thunfisch,fish
Focaccia,bread
Milch,dairy_goods
Orange,fruits
Aubergine,vegetables
Krabben,fish
Orzo,pasta
Kindermüsli,child_food
Makrele,fish
Chili con Carne,canned_goods
Thymian,spices
Bulgur,groats
Kefir,dairy_goods
Mango,fruits
Brokkoli,vegetables
Paprikapulver,spices
Bonbons,confectionery
Haferkleie,groats
Tomatensauce,sauces
Mineralwasser,drinks
Quinoa,groats
Hering,fish
Dinkelgrütze,groats
Mais,canned_goods
Fenchel,vegetables
Ananas,fruits
Wassermelone,fruits
Honigmelone,fruits
Ananas,canned_goods
Mie-Nudeln,pasta
Nelken,spices
Erbsen (TK),frozen_goods
Kindermüsli,child_food
Erbsen,vegetables
Sellerie,vegetables
Hollandaise,sauces
Limonade,drinks
Fischbrei,child_food
Waffel,confectionery
Apfelsaft,drinks
Farfalline,pasta
Körnerbrot,bread
Toffee,confectionery
Oliven,canned_goods
Apfelsaft,drinks
Donuts,confectionery
Pommes Frites,frozen_goods
Koriander,spices
Karpfen,fish
Lasagneplatten,pasta
Gnocchi,pasta
Pfirsich,fruits
Chili con Carne,canned_goods
Zitronenbonbons,candy
Rindersteak,meat
Kaugummi,candy
Braten,meat
Sojasauce,sauces
Hot Sauce,sauces
Reisbrei,child_food
Aubergine,vegetables
Camembert,dairy_goods
Tomatensauce,sauces
Grieß,groats
Schokolade,confectionery
Apfel,fruits
Waffeln (TK),frozen_goods
Kurkuma,spices
Mais,canned_goods
Milchnahrung,child_food
Vogelsamen,pet_food
Kokosmilch,canned_goods
Lauch,vegetables
Hunde-Kauknochen,pet_food
Grieß,groats
Lachsfilet,fish
Möhrengemüse (TK),frozen_goods
Hollandaise,sauces
Ramen,pasta
Spinat,vegetables
Haferflocken,groats
Sekt,drinks
Pita,bread
Waffeln (TK),frozen_goods
Filetsteak,meat
Waffel,confectionery
Kinderjoghurt,child_food
Blaubeeren (TK),frozen_goods
Couscous,pasta
Basilikum,spices
Apfelsaft,drinks
Kaffee,drinks
Ananas,canned_goods
Fusilli,pasta
Kirsche,fruits
Barbecuesauce,sauces
Filetsteak,meat
Banane,fruits
Kokosmilch,canned_goods
Tomatensauce,sauces
Cookies,confectionery
Erbsen (TK),frozen_goods
Tee,drinks
Meerschweinchenfutter,pet_food
Bohnen,vegetables
Mangosalsa,canned_goods
Kindermüsli,child_food
Babykeks,child_food
Muffins,confectionery
Fruchtgummi,candy
Speck,meat
Zitronenschokolade,candy
Rippchen,meat
Tiefkühlpizza,frozen_goods
Muscheln,fish
Seehecht,fish
Currysauce,sauces
Zucchini,vegetables
Roggenbrot,bread
Erdbeerbonbons,candy
Bonbons,confectionery
Kaubonbons,candy
Dill,spices
Bauernbrot,bread
Tintenfisch,fish
Schnittlauch,spices
Rosmarin,spices
Waffeln (TK),frozen_goods
Thunfisch,canned_goods
Currywurst,meat
Zitronenschokolade,candy
Spinat,vegetables
Lakritzschnecken,candy
Kaubonbons,candy
Traubensaft,drinks
Himbeeren (TK),frozen_goods
Brokkoli,vegetables
Ketchup,sauces
Sahne,dairy_goods
Tee,drinks
Frischkäse,dairy_goods
Traubensaft,drinks
Apfel,fruits
Chili con Carne,canned_goods
Grieß,groats
Aquarienfutter,pet_food
Mortadella,meat
Sojaflocken,groats
Kaffee,drinks
Lakritz,confectionery
Sardellen,canned_goods
Focaccia,bread
Lauch,vegetables
Chili con Carne,canned_goods
Rigatoni,pasta
Bauernbrot,bread
Haferkleie,groats
Koriander,spices
Tierfutter,pet_food
Hecht,fish
Marshmallows,confectionery
Schokolinsen,candy
Taubenfutter,pet_food
Bier,drinks
Kabeljau,fish
Fenchel,vegetables
Mandarine,fruits
Toffifee,candy
Brownies,confectionery
Hähnchenbrust,meat
Ricotta,dairy_goods
Whiskey,drinks
Schmand,dairy_goods
Lachsfleisch,canned_goods
Rinderhack,meat
Mortadella,meat
Hähnchenbrust,meat
Feta,dairy_goods
Gummibärli,candy
Marshmallows,confectionery
Hotdogbrötchen,bread
Putenbrust,meat
Ananas,fruits
Croissant,confectionery
Goldfischfutter,pet_food
Obstpastillen,candy
Cupcakes,confectionery
Tartarensauce,sauces
Blumenkohl,vegetables
Mangosalsa,canned_goods
Kinderpunsch,child_food
Lachsfleisch,canned_goods
Dinkelbrot,bread
Katzenfutter,pet_food
Traubensaft,drinks
Spinat (TK),frozen_goods
Gurke,vegetables
Kirsche,fruits
Currywurst,meat
Sardinen,fish
Toffee,confectionery
Tomate,vegetables
Sekt,drinks
Zimt,spices
Pferdefutter,pet_food
Barbecuesauce,sauces
Pesto,sauces
Pizzasauce,sauces
Apfel,fruits
Orzo,pasta
Wassermelone,fruits
Knäckebrot,bread
Meerschweinchenfutter,pet_food
Currysoße,sauces
Baguette,bread
Apfelsaft,drinks
Blumenkohl,vegetables
Tiefkühlgemüse,frozen_goods
Tomaten,canned_goods
Karotte,vegetables
Dinkelbrot,bread
Bohnen,canned_goods
Béchamelsauce,sauces
Ramen,pasta
Waffeln (TK),frozen_goods
Gerste,groats
Hüttenkäse,dairy_goods
Traubensaft,drinks
Couscous,pasta
Hamsterfutter,pet_food
Obstpastillen,candy
Zitronenbonbons,candy
Ananas,fruits
Sekt,drinks
Rum,drinks
Croissant,confectionery
Bratwurst,meat
Cola-Bonbons,candy
Cupcakes,confectionery
Orangensaft,drinks
Traube,fruits
Maisbrot,bread
Flunder,fish
Tomatensauce,sauces
Schokoeis,frozen_goods
Barsch,fish
Melone,fruits
Joghurt,dairy_goods
Kohl,vegetables
Kürbis,vegetables
Barsch,fish
Kefir,dairy_goods
Hering,fish
Oregano,spices
Lakritzdragees,candy
Brownies,confectionery
Garnelen,fish
Wasser,drinks
Haferschrot,groats
Haferschrot,groats
Salami,meat
Kokosmilch,canned_goods
Dill,spices
Pizzasauce,sauces
Hüttenkäse,dairy_goods
Rosmarin,spices
Fruchtgummi,candy
Teigtaschen (TK),frozen_goods
Bohnen,canned_goods
Mayonnaise,sauces
Baguette,bread
Wassermelone,fruits
Muscheln,fish
Hering,fish
Schmand,dairy_goods
Sojaflocken,groats
Vogelsamen,pet_food
Tomate,vegetables
Pfirsich,fruits
Thymian,spices
Glasnudeln,pasta
Quinoa,groats
Nelken,spices
Milchnahrung,child_food
Erbsen,vegetables
Süßigkeitenmix,candy
Pfirsich,fruits
Thunfisch,fish
Kidneybohnen,canned_goods
Vogelfutter,pet_food
Babykeks,child_food
Focaccia,bread
Schnittlauch,spices
Gnocchi,pasta
Tomaten,canned_goods
Ananas,canned_goods
Zitrone,fruits
Oregano,spices
Schokolade,confectionery
Rippchen,meat
Mett,meat
Zitronenbonbons,candy
Lachsfleisch,canned_goods
Mortadella,meat
Haferkleie,groats
Kaninchenfutter,pet_food
Zwiebelbrot,bread
Pfeffer,spices
Orange,fruits
Knoblauchsoße,sauces
Gläschenkost,child_food
Toffee,confectionery
Tiefkühlgemüse,frozen_goods
Kabeljau,fish
Katzenfutter,pet_food
Sauerteigbrot,bread
Sardellen,canned_goods
Kurkuma,spices
Couscous,groats
Orzo,pasta
Milch,dairy_goods
Wellensittichfutter,pet_food
Radieschen,vegetables
Skyr,dairy_goods
Rindersteak,meat
Katzenfutter,pet_food
Fusilli,pasta
Fladenbrot,bread
Kidneybohnen,canned_goods
Goldfischfutter,pet_food
Fruchtpüree,child_food
Hollandaise,sauces
Currysoße,sauces
Sardellen,canned_goods
Tomatensauce,sauces
Mandarine,fruits
Ricotta,dairy_goods
Kreuzkümmel,spices
Tomatensauce,sauces
Schinken,meat
Kaninchenfutter,pet_food
Hecht,fish
Karamell,confectionery
Schnittlauch,spices
Kefir,dairy_goods
Blaubeeren (TK),frozen_goods
Vogelsamen,pet_food
Currysoße,sauces
Penne,pasta
Hamsterfutter,pet_food
Wheatberries,groats
Fischstäbchen,frozen_goods
Kürbis,vegetables
Haferschrot,groats
Soba,pasta
Rindersteak,meat
Goldfischfutter,pet_food
Spaetzle,pasta
Taubenfutter,pet_food
Ananas,fruits
Cupcakes,confectionery
Glasnudeln,pasta
Brokkoli,vegetables
Filetsteak,meat
Couscous,pasta
Chili con Carne,canned_goods
Hähnchenbrust,meat
Tagliatelle,pasta
Thymian,spices
Goldfischfutter,pet_food
Ricotta,dairy_goods
Kartoffelbrei,child_food
Hotdogbrötchen,bread
Radieschen,vegetables
Sauerteigbrot,bread
Hähnchenbrust,meat
Wasser,drinks
Kurkuma,spices
Joghurt,dairy_goods
Orzo,pasta
Sojasauce,sauces
Tierfutter,pet_food
Waffel,confectionery
Lutschbonbons,candy
Fischfutter,pet_food
Sardinen,fish
Seehecht,fish
Gnocchi,pasta
Tiefkühlpizza,frozen_goods
Maccheroni,pasta
Apfel,fruits
Gerstenflocken,groats
Wasser,drinks
Tartarensauce,sauces
Vanilleeis,frozen_goods
Schinken,meat
Tee,drinks
Orzo,pasta
Goldfischfutter,pet_food
Lakritzdragees,candy
Zucchini,vegetables
Grieß,groats
Babykost,child_food
Fischfutter,pet_food
Milch,dairy_goods
Schlagsahne,dairy_goods
Radieschen,vegetables
Birne,fruits
Mie-Nudeln,pasta
Prosecco,drinks
Gerste,groats
Zimt,spices
Seehecht,fish
Rippchen,meat
Chili con Carne,canned_goods
Speck,meat
Orzo,pasta
Focaccia,bread
Haferkleie,groats
Salami,meat
Babykost,child_food
Vogelsamen,pet_food
Mandarine,fruits
Camembert,dairy_goods
Couscous,pasta
Mortadella,meat
Haferkleie,groats
Möhrengemüse (TK),frozen_goods
Koriander,spices
Spinat (TK),frozen_goods
Mortadella,meat
Croissant,confectionery
Fischfutter,pet_food
Schokoeis,frozen_goods
Früchtekompott,canned_goods
Joghurt,dairy_goods
Pesto,sauces
Beerenmix (TK),frozen_goods
Schmand,dairy_goods
Schmand,dairy_goods
Filetsteak,meat
Teigtaschen (TK),frozen_goods
Ramen,pasta
Muffins,confectionery
Buchweizen,groats
Backfisch,frozen_goods
Babyteig,child_food
Babykeks,child_food
Mangosalsa,canned_goods
Schokolinsen,candy
Reptilienfutter,pet_food
Pferdefutter,pet_food
Fenchel,vegetables
Kinderjoghurt,child_food
Pommes Frites,frozen_goods
Maccheroni,pasta
Béchamelsauce,sauces
Blumenkohl,vegetables
Fleischbrei,child_food
Hot Sauce,sauces
Dill,spices
Salz,spices
Gouda Käse,dairy_goods
Apfelsaft,drinks
Wein,drinks
Schokoeis,frozen_goods
Chili,spices
Farfalline,pasta
Rum,drinks
Flunder,fish
Couscous,pasta
Lakritz,confectionery
Erbsen,canned_goods
Wellensittichfutter,pet_food
Bauernbrot,bread
Frischkäse,dairy_goods
Toffifee,candy
Vogelsamen,pet_food
Pfirsich,fruits
Hüttenkäse,dairy_goods
Lende,meat
Gemüsemix,canned_goods
Lutschbonbons,candy
Wein,drinks
Orzo,pasta
Mett,meat
Vogelfutter,pet_food
Pferdefutter,pet_food
Kartoffelbrei,child_food
Kinderjoghurt,child_food
Spinat (TK),frozen_goods
Lasagneplatten,pasta
Wheatberries,groats
Gyros,meat
Zuckerstange,candy
Kartoffelbrei,child_food
Tiefkühlpizza,frozen_goods
Fenchel,vegetables
Blumenkohl,vegetables
Lende,meat
Radieschen,vegetables
Maisgrieß,groats
Ciabatta,bread
Sauerteigbrot,bread
Maisgrieß,groats
Hot Sauce,sauces
Kurkuma,spices
Muskat,spices
Haferschrot,groats
Rösti,frozen_goods
Schmand,dairy_goods
Brokkoli,vegetables
Currywurst,meat
Vogelfutter,pet_food
Petersilie,spices
Erbsen,canned_goods
Dill,spices
Knoblauchsoße,sauces
Butter,dairy_goods
Dinkelbrot,bread
Tiefkühlgemüse,frozen_goods
Sellerie,vegetables
Salami,meat
Chicken Nuggets,frozen_goods
Mango,fruits
Speck,meat
Weizenbrot,bread
Gouda Käse,dairy_goods
Katzenleckerlies,pet_food
Kirschkonfitüre,canned_goods
Lutschbonbons,candy
Muffins,confectionery
Milchnahrung,child_food
Kokosmilch,canned_goods
Banane,fruits
Toffifee,candy
Bier,drinks
Vogelsamen,pet_food
Nougat,confectionery
Focaccia,bread
Karpfen,fish
Vogelfutter,pet_food
Filetsteak,meat
Forelle,fish
Kiwi,fruits
Koriander,spices
Kreuzkümmel,spices
Hering,fish
Lakritzschnecken,candy
Orangensaft,drinks
Kirsche,fruits
Rote Bete,vegetables
Focaccia,bread
Pferdefutter,pet_food
Wellensittichfutter,pet_food
Fischbrei,child_food
Polenta,groats
Bratwurst,meat
Pfeffer,spices
Schildkrötenfutter,pet_food
Kaffee,drinks
Cola,drinks
Kindermüsli,child_food
Schokolinsen,candy
Leberwurst,meat
Kürbis,vegetables
Rum,drinks
Cola-Bonbons,candy
Pilze,canned_goods
Knoblauchsoße,sauces
Lachsfilet,fish
Gummibärchen,confectionery
Kabeljau,fish
Pesto,sauces
Gemüsemix,canned_goods
Fischstäbchen,frozen_goods
Maccheroni,pasta
Gummibärchen,confectionery
Rigatoni,pasta
Bier,drinks
Roggenbrot,bread
Haferkleie,groats
Reis,groats
Maisbrot,bread
Sellerie,vegetables
Gläschenkost,child_food
Zuckerstange,candy
Babykost,child_food
Kürbis,vegetables
Pizzasauce,sauces
Quinoa,groats
Knoblauchsoße,sauces
Hundefutter,pet_food
Jelly Beans,candy
Möhrengemüse (TK),frozen_goods
Fischfutter,pet_food
Banane,fruits
Gemüsebrei,child_food
Basilikum,spices
Paprikapulver,spices
Udon,pasta
Barsch,fish
Chilisauce,sauces
Eiscreme,frozen_goods
Gemüsebrei,child_food
Traube,fruits
Schokoeis,frozen_goods
Gurke,vegetables
Orange,fruits
Cola-Bonbons,candy
Quinoa,groats
Birne,fruits
Kreuzkümmel,spices
Limette,fruits
Cola-Bonbons,candy
Ciabatta,bread
Bratwurst,meat
Kaffee,drinks
Babykeks,child_food
Knoblauchsoße,sauces
Rigatoni,pasta
Mango,fruits
Frischkäse,dairy_goods
Vanilleeis,frozen_goods
Bonbons,confectionery
Muscheln,fish
Pfirsich,fruits
Tierfutter,pet_food
Hering,fish
Schlagsahne,dairy_goods
Bratwurst,meat
Zuckerwatte,confectionery
Himbeeren (TK),frozen_goods
Mozzarella,dairy_goods
Maisgrieß,groats
Forelle,fish
Mentholbonbons,candy
Bonbons,confectionery
Rinderhack,meat
Hot Sauce,sauces
Körnerbrot,bread
Pfirsich,fruits
Haferschrot,groats
Spinat (TK),frozen_goods
Kaffee,drinks
Chili con Carne,canned_goods
Lauch,vegetables
Quark,dairy_goods
Kefir,dairy_goods
Rinderhack,meat
Meerschweinchenfutter,pet_food
Oregano,spices
Wein,drinks
Haferflocken,groats
Kaffee,drinks
Bulgur,groats
Tomatensauce,sauces
Haferschrot,groats
Spaetzle,pasta
Vogelfutter,pet_food
Lende,meat
Tomaten,canned_goods
Knäckebrot,bread
Gerstenflocken,groats
Vogelfutter,pet_food
Lorbeerblatt,spices
Cola,drinks
Zuckerwatte,confectionery
Schokoeis,frozen_goods
Traube,fruits
Blumenkohl,vegetables
Donuts,confectionery
Toffee,confectionery
Nelken,spices
Sahne,dairy_goods
Kaugummi,candy
Mie-Nudeln,pasta
Brötchen,bread
Eiscreme,frozen_goods
Kaninchenfutter,pet_food
Ziegenkäse,dairy_goods
Kichererbsen,canned_goods
Gläschenkost,child_food
Milde Suppe,child_food
Maisbrot,bread
Feta,dairy_goods
Obstpastillen,candy
Kaffee,drinks
Prosecco,drinks
Mayonnaise,sauces
Rippchen,meat
Limette,fruits
Reisbrei,child_food
Toffee,confectionery
Grieß,groats
Meerschweinchenfutter,pet_food
Spaghetti,pasta
Gläschenkost,child_food
Fischfutter,pet_food
Muscheln,fish
Karamell,confectionery
Frischkäse,dairy_goods
Thymian,spices
Quark,dairy_goods
Sauerteigbrot,bread
Kindermüsli,child_food
Rote Bete,vegetables
Mentholbonbons,candy
Taubenfutter,pet_food
Bohnen,canned_goods
Babykeks,child_food
Thunfisch,canned_goods
Hähnchenbrust,meat
Eistee,drinks
Bohnen,vegetables
Taubenfutter,pet_food
Erdbeerbonbons,candy
Lorbeerblatt,spices
Babykost,child_food
Pizzasauce,sauces
Schildkrötenfutter,pet_food
Maisgrieß,groats
Hirse,groats
Skyr,dairy_goods
Feta,dairy_goods
Brownies,confectionery
Lutschbonbons,candy
Hotdogbrötchen,bread
Körnerbrot,bread
Polenta,groats
Filetsteak,meat
Schokoeis,frozen_goods
Teigtaschen (TK),frozen_goods
Kirschkonfitüre,canned_goods
Rinderhack,meat
Backfisch,frozen_goods
Croissant,confectionery
Leberwurst,meat
Jelly Beans,candy
Reptilienfutter,pet_food
Babykeks,child_food
Traubensaft,drinks
Früchtekompott,canned_goods
Goldfischfutter,pet_food
Zimt,spices
Nektarine,fruits
Muscheln,fish
Mortadella,meat
Fruchtpüree,child_food
Fischbrei,child_food
Honigmelone,fruits
Milchnahrung,child_food
Fenchel,vegetables
Tomatensauce,sauces
Thymian,spices
Gouda Käse,dairy_goods
Udon,pasta
Focaccia,bread
Lakritzschnecken,candy
Quark,dairy_goods
Krabben,fish
Salami,meat
Couscous,groats
Spaghetti,pasta
Gnocchi,pasta
Ananas,fruits
Currysauce,sauces
Wassermelone,fruits
Reptilienfutter,pet_food
Zitronenbonbons,candy
Kurkuma,spices
Barsch,fish
Spinat,vegetables
Waffel,confectionery
Krabben,fish
Babykeks,child_food
Schildkrötenfutter,pet_food
Mett,meat
Hamsterfutter,pet_food
Maccheroni,pasta
Roggenbrot,bread
Speck,meat
Aquarienfutter,pet_food
Spinat (TK),frozen_goods
Prosecco,drinks
Hecht,fish
Spinat (TK),frozen_goods
Dipsauce,sauces
Gerstenflocken,groats
Goldfischfutter,pet_food
Zuckerstange,candy
Dipsauce,sauces
Milde Suppe,child_food
Nektarine,fruits
Schokoeis,frozen_goods
Mett,meat
Seelachs,fish
Babykeks,child_food
Pesto,sauces
Toastbrot,bread
Spinat (TK),frozen_goods
Ziegenkäse,dairy_goods
Lutschbonbons,candy
Gerstenflocken,groats
Kokosmilch,canned_goods
Chili con Carne,canned_goods
Muscheln,fish
Gerstenflocken,groats
Mascarpone,dairy_goods
Schildkrötenfutter,pet_food
Ananas,fruits
Tomate,vegetables
Hamsterfutter,pet_food
Himbeeren (TK),frozen_goods
Spaghetti,pasta
Kartoffelbrei,child_food
Schokolade,confectionery
Prosecco,drinks
Kabeljau,fish
Ketchup,sauces
Croissant,confectionery
Marshmallows,confectionery
Farfalline,pasta
Senf,sauces
Birne,fruits
Paprikapulver,spices
Jelly Beans,candy
Lutschbonbons,candy
Papaya,fruits
Zuckerwatte,confectionery
Lakritzdragees,candy
Gummibärchen,confectionery
Banane,fruits
Blaubeeren (TK),frozen_goods
Toastbrot,bread
Forelle,fish
Erdbeerbonbons,candy
Mandarine,fruits
Blaubeeren (TK),frozen_goods
Paprika,vegetables
Maisbrot,bread
Traube,fruits
Gemüsebrei,child_food
Hirse,groats
Hering,fish
Maisbrot,bread
Oliven,canned_goods
Hunde-Kauknochen,pet_food
Meerschweinchenfutter,pet_food
Taubenfutter,pet_food
Kindermüsli,child_food
Kartoffelbrei,child_food
Gummibärli,candy
Hüttenkäse,dairy_goods
Hundefutter,pet_food
Dill,spices
Apfel,fruits
Honigmelone,fruits
Wellensittichfutter,pet_food
Tartarensauce,sauces
Pilze,canned_goods
Wein,drinks
Ramen,pasta
Putenbrust,meat
Kichererbsen,canned_goods
Vodka,drinks
Croissant,confectionery
Fladenbrot,bread
Vollkornbrot,bread
Zitrone,fruits
Cola-Bonbons,candy
Blumenkohl,vegetables
Seehecht,fish
Hot Sauce,sauces
Paprikapulver,spices
Bonbons,confectionery
Radieschen,vegetables
Melone,fruits
Tiefkühlpizza,frozen_goods
Kiwi,fruits
Mangosalsa,canned_goods
Nektarine,fruits
Schweinekotelett,meat
Ananas,canned_goods
Glasnudeln,pasta
Goldfischfutter,pet_food
Zucchini,vegetables
Bohnen,vegetables
Zitronenbonbons,candy
Lauch,vegetables
Apfelsaft,drinks
Dinkelbrot,bread
Kinderjoghurt,child_food
Honigmelone,fruits
Zitronenbonbons,candy
Hamsterfutter,pet_food
Skyr,dairy_goods
Brownies,confectionery
Dinkelgrütze,groats
Radieschen,vegetables
Kiwi,fruits
Chili,spices
Sardellen,canned_goods
Gouda Käse,dairy_goods
Quinoa,groats
Dinkelgrütze,groats
Vollkornbrot,bread
Erbsen,canned_goods
Gummibärchen,confectionery
Kirsche,fruits
Kirsche,fruits
Rösti,frozen_goods
Vogelsamen,pet_food
Paprikapulver,spices
Tiefkühlpizza,frozen_goods
Bonbons,confectionery
Apfelsaft,drinks
Kurkuma,spices
Flunder,fish
Gummibärli,candy
Schlagsahne,dairy_goods
Kaubonbons,candy
Pizzasauce,sauces
Baguette,bread
Sauerteigbrot,bread
Sojasauce,sauces
Mett,meat
Couscous,groats
Gerste,groats
Reisbrei,child_food
Currysoße,sauces
Fruchtgummi,candy
Mangosalsa,canned_goods
Pfeffer,spices
Glasnudeln,pasta
Banane,fruits
Gemüsemix,canned_goods
Oliven,canned_goods
Muffins,confectionery
Cupcakes,confectionery
Cola-Bonbons,candy
Rosmarin,spices
Tartarensauce,sauces
Bier,drinks
Garnelen,fish
Zucchini,vegetables
Filetsteak,meat
Kaubonbons,candy
Donuts,confectionery
Basilikum,spices
Haferschrot,groats
Rote Bete,vegetables
Tomaten,canned_goods
Kreuzkümmel,spices
Gouda Käse,dairy_goods
Petersilie,spices
Salsa,sauces
Himbeeren (TK),frozen_goods
Forelle,fish
Schinken,meat
Kokosmilch,canned_goods
Karamell,confectionery
Mineralwasser,drinks
Kinderjoghurt,child_food
Kekse,confectionery
Ananas,canned_goods
Erdbeerbonbons,candy
Kaugummi,candy
Katzenfutter,pet_food
Sojaflocken,groats
Toffee,confectionery
Flunder,fish
Nougat,confectionery
Banane,fruits
Leberwurst,meat
Rosmarin,spices
Currysoße,sauces
Oregano,spices
Mie-Nudeln,pasta
Cookies,confectionery
Zucchini,vegetables
Spinat (TK),frozen_goods
Kaffee,drinks
Gummibärchen,confectionery
Pommes Frites,frozen_goods
Rippchen,meat
Kirsche,fruits
Zuckerstange,candy
Scholle,fish
Lutschbonbons,candy
Prosecco,drinks
Karamell,confectionery
Babybrei,child_food
Lakritz,confectionery
Seehecht,fish
Kiwi,fruits
Nougat,confectionery
Tagliatelle,pasta
Kefir,dairy_goods
Pizzasauce,sauces
Wheatberries,groats
Kirschkonfitüre,canned_goods
Körnerbrot,bread
Lende,meat
Cupcakes,confectionery
Babyteig,child_food
Nelken,spices
Dill,spices
Gnocchi,pasta
Banane,fruits
Cannelloni,pasta
Bohnen,canned_goods
Sojaflocken,groats
Maisgrieß,groats
Mango,fruits
Whiskey,drinks
Orzo,pasta
Goldfischfutter,pet_food
Senf,sauces
Schokoeis,frozen_goods
Lakritzschnecken,candy
Hot Sauce,sauces
Prosecco,drinks
Pferdefutter,pet_food
Donuts,confectionery
Whiskey,drinks
Focaccia,bread
Whiskey,drinks
Maisgrieß,groats
Körnerbrot,bread
Traubensaft,drinks
Kürbis,vegetables
Pralinen,confectionery
Gummibärchen,confectionery
Bonbons,confectionery
Béchamelsauce,sauces
Knoblauchsoße,sauces
Fruchtgummi,candy
Wassermelone,fruits
Kreuzkümmel,spices
Seelachs,fish
Roggenbrot,bread
Pesto,sauces
Toffee,confectionery
Bohnen,canned_goods
Flunder,fish
Garnelen,fish
Mett,meat
Fruchtgummi,candy
Seehecht,fish
Gemüsemix,canned_goods
Mett,meat
Sahne,dairy_goods
Kekse,confectionery
Haferbrei,child_food
Wheatberries,groats
Chicken Nuggets,frozen_goods
Gerstenflocken,groats
Maisgrieß,groats
Mandarine,fruits
Scholle,fish
Sekt,drinks
Gerstenflocken,groats
Kidneybohnen,canned_goods
Kidneybohnen,canned_goods
Maisgrieß,groats
Pita,bread
Mentholbonbons,candy
Mentholbonbons,candy
Erdbeerbonbons,candy
Koriander,spices
Kohl,vegetables
Goldfischfutter,pet_food
Zitronenbonbons,candy
Tintenfisch,fish
Koriander,spices
Birne,fruits
Chicken Nuggets,frozen_goods
Sahne,dairy_goods
Babykost,child_food
Fruchtpüree,child_food
Orzo,pasta
Bratwurst,meat
Schlagsahne,dairy_goods
Buchweizen,groats
Soba,pasta
Schokolade,confectionery
Schmand,dairy_goods
Rippchen,meat
Oregano,spices
Barsch,fish
Rösti,frozen_goods
Kohl,vegetables
Fischfutter,pet_food
Mentholbonbons,candy
Mandarine,fruits
Salami,meat
Kabeljau,fish
Ananas,fruits
Taubenfutter,pet_food
Lachsfleisch,canned_goods
Karamell,confectionery
Zucchini,vegetables
Fischbrei,child_food
Fischbrei,child_food
Haferbrei,child_food
Knoblauchsoße,sauces
Nougat,confectionery
Sauerteigbrot,bread
Hotdogbrötchen,bread
Kaninchenfutter,pet_food
Gemüsebrei,child_food
Vogelfutter,pet_food
Thymian,spices
Garnelen,fish
Zimt,spices
Apfel,fruits
Zitronenbonbons,candy
Kabeljau,fish
Bier,drinks
Tiefkühlgemüse,frozen_goods
Quark,dairy_goods
Kinderjoghurt,child_food
Schnittlauch,spices
Gerste,groats
Eistee,drinks
Roggenbrot,bread
Fleischbrei,child_food
Bohnen,vegetables
Mortadella,meat
Sojasauce,sauces
Chili con Carne,canned_goods
Putenbrust,meat
Kaubonbons,candy
Salami,meat
Rippchen,meat
Camembert,dairy_goods
Quark,dairy_goods
Weizenbrot,bread
Ananas,fruits
Spaghetti,pasta
Erbsen,vegetables
Whiskey,drinks
Nelken,spices
Reisbrei,child_food
Schmand,dairy_goods
Brownies,confectionery
Lachsfleisch,canned_goods
Aquarienfutter,pet_food
Taubenfutter,pet_food
Sahne,dairy_goods
Kohl,vegetables
Tomatensauce,sauces
Currysoße,sauces
Spinat,vegetables
Schlagsahne,dairy_goods
Lauch,vegetables
Haferflocken,groats
Hähnchenbrust,meat
Knäckebrot,bread
Schinken,meat
Melone,fruits
Donuts,confectionery
Glasnudeln,pasta
Dill,spices
Brownies,confectionery
Kefir,dairy_goods
Kokosmilch,canned_goods
Senf,sauces
Mineralwasser,drinks
Gouda Käse,dairy_goods
Kidneybohnen,canned_goods
Flunder,fish
Paprika,vegetables
Lende,meat
Wheatberries,groats
Kekse,confectionery
Sojasauce,sauces
Camembert,dairy_goods
Möhrengemüse (TK),frozen_goods
Grieß,groats
Teigtaschen (TK),frozen_goods
Muffins,confectionery
Kiwi,fruits
Limonade,drinks
Seehecht,fish
Schildkrötenfutter,pet_food
Kaubonbons,candy
Vanilleeis,frozen_goods
Tomatensauce,sauces
Wheatberries,groats
Gerstenflocken,groats
Zitronenschokolade,candy
Pferdefutter,pet_food
Soba,pasta
Babyteig,child_food
Ziegenkäse,dairy_goods
Sauerteigbrot,bread
Erbsen (TK),frozen_goods
Kiwi,fruits
Kohl,vegetables
Tagliatelle,pasta
Bohnen,vegetables
Mango,fruits
Whiskey,drinks
Hamsterfutter,pet_food
Hollandaise,sauces
Lachsfleisch,canned_goods
Garnelen,fish
Himbeeren (TK),frozen_goods
Kaugummi,candy
Kabeljau,fish
Soba,pasta
Sekt,drinks
Babybrei,child_food
Schinken,meat
Hunde-Kauknochen,pet_food
Vogelsamen,pet_food
Mango,fruits
Salsa,sauces
Gerste,groats
Tiefkühlgemüse,frozen_goods
Pizzasauce,sauces
Gummibärli,candy
Kichererbsen,canned_goods
Kartoffelbrei,child_food
Gnocchi,pasta
Kirsche,fruits
Flunder,fish
Koriander,spices
Spaghetti,pasta
Kaninchenfutter,pet_food
Erbsen (TK),frozen_goods
Udon,pasta
Apfelsaft,drinks
Erdbeerbonbons,candy
Koriander,spices
Backfisch,frozen_goods
Limonade,drinks
Flunder,fish
Garnelen,fish
Dipsauce,sauces
Roggenbrot,bread
Lorbeerblatt,spices
Thunfisch,canned_goods
Schlagsahne,dairy_goods
Kartoffelbrei,child_food
Chili con Carne,canned_goods
Focaccia,bread
Kaninchenfutter,pet_food
Tomatensauce,sauces
Ananas,canned_goods
Penne,pasta
Makrele,fish
Tomatensauce,sauces
Lakritzdragees,candy
Schnittlauch,spices
Petersilie,spices
Lakritz,confectionery
Barbecuesauce,sauces
Soba,pasta
Traubensaft,drinks
Barsch,fish
Kaffee,drinks
Tiefkühlpizza,frozen_goods
Joghurt,dairy_goods
Kindermüsli,child_food
Zwiebelbrot,bread
Quark,dairy_goods
Kinderpunsch,child_food
Kohl,vegetables
Zitrone,fruits
Himbeeren (TK),frozen_goods
Hundefutter,pet_food
Feta,dairy_goods
Papaya,fruits
Eiscreme,frozen_goods
Sellerie,vegetables
Mett,meat
Whiskey,drinks
Oliven,canned_goods
Grieß,groats
Buchweizen,groats
Mett,meat
Rigatoni,pasta
Schlagsahne,dairy_goods
Hirse,groats
Mie-Nudeln,pasta
Ananas,fruits
Fruchtpüree,child_food
Scholle,fish
Melone,fruits
Goldfischfutter,pet_food
Limette,fruits
Körnerbrot,bread
Wasser,drinks
Gouda Käse,dairy_goods
Hotdogbrötchen,bread
Ricotta,dairy_goods
Waffeln (TK),frozen_goods
Orangensaft,drinks
Früchtekompott,canned_goods
Kichererbsen,canned_goods
Scholle,fish
Hering,fish
Teigtaschen (TK),frozen_goods
Kinderjoghurt,child_food
Gyros,meat
Pferdefutter,pet_food
Scholle,fish
Leberwurst,meat
Tomatensauce,sauces
Kabeljau,fish
Forelle,fish
Kaugummi,candy
Lauch,vegetables
Melone,fruits
Barbecuesauce,sauces
Salami,meat
Reis,groats
Schmand,dairy_goods
Meerschweinchenfutter,pet_food
Currysauce,sauces
Kokosmilch,canned_goods
Brownies,confectionery
Nougat,confectionery
Kinderpunsch,child_food
Kefir,dairy_goods
Sardellen,canned_goods
Dinkelbrot,bread
Mandarine,fruits
Karpfen,fish
Weizenbrot,bread
Zucchini,vegetables
Lasagneplatten,pasta
Kaninchenfutter,pet_food
Körnerbrot,bread
Vollkornbrot,bread
Toffee,confectionery
Salami,meat
Dill,spices
Wheatberries,groats
Hamsterfutter,pet_food
Focaccia,bread
Kaugummi,candy
Forelle,fish
Toffifee,candy
Chili,spices
Buchweizen,groats
Scholle,fish
Bonbons,confectionery
Maisgrieß,groats
Kurkuma,spices
Paprika,vegetables
Gin,drinks
Sahne,dairy_goods
Himbeeren (TK),frozen_goods
Kreuzkümmel,spices
Béchamelsauce,sauces
Tartarensauce,sauces
Butter,dairy_goods
Currysauce,sauces
Haferschrot,groats
Schlagsahne,dairy_goods
Eistee,drinks
Limonade,drinks
Erbsen,vegetables
Hecht,fish
Wein,drinks
Erbsen (TK),frozen_goods
Hunde-Kauknochen,pet_food
Thymian,spices
Buchweizen,groats
Tomatensauce,sauces
Sauerteigbrot,bread
Wellensittichfutter,pet_food
Gemüsebrei,child_food
Zuckerstange,candy
Lakritzschnecken,candy
Lutschbonbons,candy
Früchtekompott,canned_goods
Gurke,vegetables
Mayonnaise,sauces
Buchweizen,groats
Hirse,groats
Hamsterfutter,pet_food
Körnerbrot,bread
Zitronenschokolade,candy
Maccheroni,pasta
Zucchini,vegetables
Haferschrot,groats
Lutschbonbons,candy
Udon,pasta
Früchtekompott,canned_goods
Vogelsamen,pet_food
Reptilienfutter,pet_food
Braten,meat
Kirschkonfitüre,canned_goods
Knäckebrot,bread
Sojasauce,sauces
Karamell,confectionery
Lakritzdragees,candy
Karotte,vegetables
Garnelen,fish
Pralinen,confectionery
Muffins,confectionery
Sardinen,fish
Weizenbrot,bread
Ramen,pasta
Backfisch,frozen_goods
Cookies,confectionery
Chilisauce,sauces
Milde Suppe,child_food
Ketchup,sauces
Chilisauce,sauces
Tartarensauce,sauces
Spinat,vegetables
Bauernbrot,bread
Zitronenschokolade,candy
Muscheln,fish
Dinkelgrütze,groats
Schlagsahne,dairy_goods
Schweinekotelett,meat
Braten,meat
Grieß,groats
Barbecuesauce,sauces
Gummibärli,candy
Eistee,drinks
Obstpastillen,candy
Backfisch,frozen_goods
Schokolade,confectionery
Gummibärli,candy
Haferkleie,groats
Pommes Frites,frozen_goods
Pferdefutter,pet_food
Sekt,drinks
Soba,pasta
Hamsterfutter,pet_food
Putenbrust,meat
Sardellen,canned_goods
Kichererbsen,canned_goods
Knäckebrot,bread
Himbeeren (TK),frozen_goods
Körnerbrot,bread
Mentholbonbons,candy
Sauerteigbrot,bread
Fladenbrot,bread
Cupcakes,confectionery
Gummibärli,candy
Salsa,sauces
Babybrei,child_food
Katzenfutter,pet_food
Pita,bread
Tagliatelle,pasta
Oregano,spices
Obstpastillen,candy
Babykost,child_food
Thymian,spices
Blaubeeren (TK),frozen_goods
Zwiebelbrot,bread
Mascarpone,dairy_goods
Birne,fruits
Babykost,child_food
Gurke,vegetables
Blumenkohl,vegetables
Bier,drinks
Chili,spices
Schildkrötenfutter,pet_food
Schinken,meat
Lende,meat
Maisbrot,bread
Schmand,dairy_goods
Zitronenschokolade,candy
Goldfischfutter,pet_food
Katzenfutter,pet_food
Limonade,drinks
Quinoa,groats
Garnelen,fish
Brötchen,bread
Gnocchi,pasta
Blumenkohl,vegetables
Nougat,confectionery
Papaya,fruits
Jelly Beans,candy
Roggenbrot,bread
Körnerbrot,bread
Haferbrei,child_food
Mango,fruits
Kartoffelbrei,child_food
Bohnen,vegetables
Papaya,fruits
Scholle,fish
Kidneybohnen,canned_goods
Chicken Nuggets,frozen_goods
Bohnen,vegetables
Limonade,drinks
Blaubeeren (TK),frozen_goods
Gurke,vegetables
Skyr,dairy_goods
Toastbrot,bread
Fischbrei,child_food
Filetsteak,meat
Kekse,confectionery
Orangensaft,drinks
Zitronenschokolade,candy
Dinkelbrot,bread
Schweinekotelett,meat
Mayonnaise,sauces
Lasagneplatten,pasta
Tintenfisch,fish
Gerstenflocken,groats
Fruchtgummi,candy
Farfalline,pasta
Paprika,vegetables
Tomaten,canned_goods
Schlagsahne,dairy_goods
Obstpastillen,candy
Leberwurst,meat
Melone,fruits
Tiefkühlpizza,frozen_goods
Thunfisch,canned_goods
Zwiebelbrot,bread
Prosecco,drinks
Kefir,dairy_goods
Maccheroni,pasta
Vanilleeis,frozen_goods
Fladenbrot,bread
Himbeeren (TK),frozen_goods
Ricotta,dairy_goods
Dinkelgrütze,groats
Tartarensauce,sauces
Muscheln,fish
Glasnudeln,pasta
Fusilli,pasta
Tiefkühlgemüse,frozen_goods
Kidneybohnen,canned_goods
Schweinekotelett,meat
Cupcakes,confectionery
Honigmelone,fruits
Rum,drinks
Sardinen,fish
Paprikapulver,spices
Meerschweinchenfutter,pet_food
Béchamelsauce,sauces
Vodka,drinks
Kekse,confectionery
Dill,spices
Kindermüsli,child_food
Buchweizen,groats
Dipsauce,sauces
Rösti,frozen_goods
Senf,sauces
Chicken Nuggets,frozen_goods
Gyros,meat
Hunde-Kauknochen,pet_food
Katzenfutter,pet_food
Nelken,spices
Kirsche,fruits
Mangosalsa,canned_goods
Cola-Bonbons,candy
Sardinen,fish
Udon,pasta
Kaffee,drinks
Quark,dairy_goods
Hamsterfutter,pet_food
Cola-Bonbons,candy
Toffee,confectionery
Bohnen,canned_goods
Sauerteigbrot,bread
Sojaflocken,groats
Barsch,fish
Zitronenbonbons,candy
Makrele,fish
Spaghetti,pasta
Sellerie,vegetables
Camembert,dairy_goods
Fladenbrot,bread
Zwiebelbrot,bread
Vodka,drinks
Scholle,fish
Kefir,dairy_goods
Reisbrei,child_food
Obstpastillen,candy
Currysoße,sauces
Kekse,confectionery
Kinderpunsch,child_food
Katzenfutter,pet_food
Orangensaft,drinks
Paprikapulver,spices
Gerstenflocken,groats
Tiefkühlgemüse,frozen_goods
Toastbrot,bread
Teigtaschen (TK),frozen_goods
Himbeeren (TK),frozen_goods
Karotte,vegetables
Bohnen,canned_goods
Gerste,groats
Meerschweinchenfutter,pet_food
Fusilli,pasta
Fenchel,vegetables
Pilze,canned_goods
Gin,drinks
Soba,pasta
Eiscreme,frozen_goods
Bulgur,groats
Fusilli,pasta
Petersilie,spices
Quinoa,groats
Ricotta,dairy_goods
Gerste,groats
Buchweizen,groats
Meerschweinchenfutter,pet_food
Mangosalsa,canned_goods
Pferdefutter,pet_food
Croissant,confectionery
Pilze,canned_goods
Tiefkühlgemüse,frozen_goods
Fladenbrot,bread
Fruchtgummi,candy
Sauerteigbrot,bread
Mentholbonbons,candy
Apfelsaft,drinks
Karotte,vegetables
Gnocchi,pasta
Gemüsemix,canned_goods
Hüttenkäse,dairy_goods
Lorbeerblatt,spices
Polenta,groats
Maisbrot,bread
Schokolinsen,candy
Paprikapulver,spices
Kindermüsli,child_food
Polenta,groats
Rindersteak,meat
Tiefkühlpizza,frozen_goods
Cupcakes,confectionery
Erdbeerbonbons,candy
Mie-Nudeln,pasta
Milde Suppe,child_food
Katzenleckerlies,pet_food
Karotte,vegetables
Meerschweinchenfutter,pet_food
Schokoeis,frozen_goods
Mandarine,fruits
Tagliatelle,pasta
Muffins,confectionery
Schokoeis,frozen_goods
Wassermelone,fruits
Bulgur,groats
Roggenbrot,bread
Vollkornbrot,bread
Schlagsahne,dairy_goods
Senf,sauces
Kartoffelbrei,child_food
Katzenfutter,pet_food
Babyteig,child_food
Tomatensauce,sauces
Zwiebelbrot,bread
Cookies,confectionery
Körnerbrot,bread
Mango,fruits
Aquarienfutter,pet_food
Dill,spices
Spaetzle,pasta
Mandarine,fruits
Camembert,dairy_goods
Hundefutter,pet_food
Joghurt,dairy_goods
Spaghetti,pasta
Mett,meat
Milchnahrung,child_food
Mozzarella,dairy_goods
Forelle,fish
Donuts,confectionery
Gemüsemix,canned_goods
Tomatensauce,sauces
Kinderpunsch,child_food
Rosmarin,spices
Fenchel,vegetables
Kinderjoghurt,child_food
Kreuzkümmel,spices
Lasagneplatten,pasta
Rum,drinks
Lutschbonbons,candy
Putenbrust,meat
Reptilienfutter,pet_food
Fischfutter,pet_food
Ramen,pasta
Goldfischfutter,pet_food
Mangosalsa,canned_goods
Fischbrei,child_food
Kokosmilch,canned_goods
Reptilienfutter,pet_food
Vogelfutter,pet_food
Currywurst,meat
Salami,meat
Ziegenkäse,dairy_goods
Donuts,confectionery
Hot Sauce,sauces
Traubensaft,drinks
Tierfutter,pet_food
Dill,spices
Polenta,groats
Forelle,fish
Traube,fruits
Garnelen,fish
Apfelsaft,drinks
Weizenbrot,bread
Erdbeerbonbons,candy
Barsch,fish
Krabben,fish
Erbsen (TK),frozen_goods
Gemüsebrei,child_food
Kartoffelbrei,child_food
Haferschrot,groats
Kaubonbons,candy
Nelken,spices
Limette,fruits
Reis,groats
Körnerbrot,bread
Kidneybohnen,canned_goods
Rosmarin,spices
Muffins,confectionery
Radieschen,vegetables
Roggenbrot,bread
Whiskey,drinks
Bonbons,confectionery
Bulgur,groats
Lachsfilet,fish
Filetsteak,meat
Aquarienfutter,pet_food
Lasagneplatten,pasta
Kindertee,child_food
Pferdefutter,pet_food
Spinat,vegetables
Erbsen,canned_goods
Sahne,dairy_goods
Rinderhack,meat
Thunfisch,fish
Gin,drinks
Tintenfisch,fish
Schokolade,confectionery
Quark,dairy_goods
Karamell,confectionery
Kindermüsli,child_food
Kokosmilch,canned_goods
Kokosmilch,canned_goods
Farfalline,pasta
Gemüsemix,canned_goods
Pizzasauce,sauces
Sahne,dairy_goods
Schweinekotelett,meat
Babykeks,child_food
Tomaten,canned_goods
Blumenkohl,vegetables
Limonade,drinks
Fischstäbchen,frozen_goods
Muscheln,fish
Spaghetti,pasta
Polenta,groats
Filetsteak,meat
Zitronenschokolade,candy
Kindermüsli,child_food
Vollkornbrot,bread
Maccheroni,pasta
Spaetzle,pasta
Haferbrei,child_food
Kohl,vegetables
Fischstäbchen,frozen_goods
Mango,fruits
Wein,drinks
Zuckerstange,candy
Mie-Nudeln,pasta
Chili,spices
Zuckerwatte,confectionery
Süßigkeitenmix,candy
Honigmelone,fruits
Kidneybohnen,canned_goods
Katzenleckerlies,pet_food
Lachsfilet,fish
Farfalline,pasta
Babybrei,child_food
Cola-Bonbons,candy
Thunfisch,fish
Garnelen,fish
Barsch,fish
Schweinekotelett,meat
Orzo,pasta
Blaubeeren (TK),frozen_goods
Chicken Nuggets,frozen_goods
Brötchen,bread
Mentholbonbons,candy
Speck,meat
Vodka,drinks
Lakritzschnecken,candy
Chicken Nuggets,frozen_goods
Babyteig,child_food
Tee,drinks
Katzenleckerlies,pet_food
Rindersteak,meat
Ramen,pasta
Quark,dairy_goods
Croissant,confectionery
Limette,fruits
Garnelen,fish
Orangensaft,drinks
Chili con Carne,canned_goods
Zitrone,fruits
Früchtekompott,canned_goods
Mett,meat
Schokolinsen,candy
Kinderpunsch,child_food
Filetsteak,meat
Wassermelone,fruits
Glasnudeln,pasta
Fruchtgummi,candy
Fruchtpüree,child_food
Hähnchenbrust,meat
Ciabatta,bread
Rigatoni,pasta
Kaugummi,candy
Apfelsaft,drinks
Blaubeeren (TK),frozen_goods
Kinderjoghurt,child_food
Fenchel,vegetables
Makrele,fish
Apfelsaft,drinks
Barbecuesauce,sauces
Toffifee,candy
Sahne,dairy_goods
Spinat,vegetables
Prosecco,drinks
Mascarpone,dairy_goods
Tomaten,canned_goods
Krabben,fish
Maisgrieß,groats
Aquarienfutter,pet_food
Ziegenkäse,dairy_goods
Karamell,confectionery
Ananas,fruits
Leberwurst,meat
Maisbrot,bread
Farfalline,pasta
Goldfischfutter,pet_food
Rum,drinks
Gummibärli,candy
Braten,meat
Schlagsahne,dairy_goods
Skyr,dairy_goods
Kiwi,fruits
Cola-Bonbons,candy
Haferbrei,child_food
Kinderpunsch,child_food
Reisbrei,child_food
Mais,canned_goods
Quinoa,groats
Zitronenschokolade,candy
Gin,drinks
Chili,spices
Thunfisch,canned_goods
Makrele,fish
Currysoße,sauces
Wein,drinks
Spaghetti,pasta
Glasnudeln,pasta
Karamell,confectionery
Gläschenkost,child_food
Polenta,groats
Lutschbonbons,candy
Whiskey,drinks
Ananas,canned_goods
Whiskey,drinks
Mie-Nudeln,pasta
Mett,meat
Zitronenbonbons,candy
Haferflocken,groats
Gouda Käse,dairy_goods
Erbsen (TK),frozen_goods
Lauch,vegetables
Camembert,dairy_goods
Weizenbrot,bread
Tomaten,canned_goods
Hering,fish
Pizzasauce,sauces
Lasagneplatten,pasta
Schweinekotelett,meat
Körnerbrot,bread
Glasnudeln,pasta
Mangosalsa,canned_goods
Rösti,frozen_goods
Orzo,pasta
Wassermelone,fruits
Couscous,pasta
Fischfutter,pet_food
Hollandaise,sauces
Knäckebrot,bread
Fruchtpüree,child_food
Zwiebelbrot,bread
Süßigkeitenmix,candy
Babykost,child_food
Melone,fruits
Mozzarella,dairy_goods
Schweinekotelett,meat
Obstpastillen,candy
Petersilie,spices
Zuckerwatte,confectionery
Banane,fruits
Bauernbrot,bread
Schnittlauch,spices
Erbsen (TK),frozen_goods
Hunde-Kauknochen,pet_food
Kinderpunsch,child_food
Petersilie,spices
Gemüsemix,canned_goods
Mayonnaise,sauces
Croissant,confectionery
Kirsche,fruits
Rote Bete,vegetables
Blaubeeren (TK),frozen_goods
Flunder,fish
Sojasauce,sauces
Barsch,fish
Donuts,confectionery
Tiefkühlgemüse,frozen_goods
Fladenbrot,bread
Dinkelgrütze,groats
Hamsterfutter,pet_food
Aquarienfutter,pet_food
Hamsterfutter,pet_food
Mais,canned_goods
Lakritzdragees,candy
Couscous,groats
Kinderpunsch,child_food
Süßigkeitenmix,candy
Seehecht,fish
Putenbrust,meat
Gurke,vegetables
Feta,dairy_goods
Zitronenbonbons,candy
Milde Suppe,child_food
Dill,spices
Beerenmix (TK),frozen_goods
Rindersteak,meat
Camembert,dairy_goods
Gerstenflocken,groats
Cola-Bonbons,candy
Maisbrot,bread
Hamsterfutter,pet_food
Gläschenkost,child_food
Pizzasauce,sauces
Jelly Beans,candy
Himbeeren (TK),frozen_goods
Birne,fruits
Garnelen,fish
Kaffee,drinks
Beerenmix (TK),frozen_goods
Gummibärchen,confectionery
Cola-Bonbons,candy
Glasnudeln,pasta
Tiefkühlgemüse,frozen_goods
Karotte,vegetables
Radieschen,vegetables
Milchnahrung,child_food
Haferkleie,groats
Rippchen,meat
Rippchen,meat
Kartoffelbrei,child_food
Haferkleie,groats
Schnittlauch,spices
Papaya,fruits
Möhrengemüse (TK),frozen_goods
Reis,groats
Oliven,canned_goods
Fischfutter,pet_food
Fischbrei,child_food
Whiskey,drinks
Couscous,pasta
Bohnen,canned_goods
Tagliatelle,pasta
Hunde-Kauknochen,pet_food
Teigtaschen (TK),frozen_goods
Filetsteak,meat
Pfirsich,fruits
Basilikum,spices
Karpfen,fish
Udon,pasta
Mozzarella,dairy_goods
Tiefkühlpizza,frozen_goods
Kaugummi,candy
Lakritz,confectionery
Ricotta,dairy_goods
Wellensittichfutter,pet_food
Beerenmix (TK),frozen_goods
Pilze,canned_goods
Cannelloni,pasta
Bonbons,confectionery
Kaubonbons,candy
Rinderhack,meat
Oliven,canned_goods
Lauch,vegetables
Feta,dairy_goods
Lauch,vegetables
Pita,bread
Vogelsamen,pet_food
Tartarensauce,sauces
Eiscreme,frozen_goods
Mentholbonbons,candy
Lakritzschnecken,candy
Maccheroni,pasta
Baguette,bread
Tierfutter,pet_food
Garnelen,fish
Baguette,bread
Melone,fruits
Basilikum,spices
Goldfischfutter,pet_food
Glasnudeln,pasta
Fischbrei,child_food
Backfisch,frozen_goods
Kindermüsli,child_food
Kefir,dairy_goods
Kaubonbons,candy
Butter,dairy_goods
Maisbrot,bread
Lachsfleisch,canned_goods
Cola-Bonbons,candy
Chilisauce,sauces
Babyteig,child_food
Rösti,frozen_goods
Gummibärchen,confectionery
Gyros,meat
Polenta,groats
Dinkelgrütze,groats
Toffee,confectionery
Vodka,drinks
Braten,meat
Rum,drinks
Zimt,spices
Salsa,sauces
Körnerbrot,bread
Kreuzkümmel,spices
Mangosalsa,canned_goods
Lauch,vegetables
Pommes Frites,frozen_goods
Cannelloni,pasta
Kefir,dairy_goods
Muffins,confectionery
Erbsen,vegetables
Waffeln (TK),frozen_goods
Hunde-Kauknochen,pet_food
Lauch,vegetables
Lorbeerblatt,spices
Zimt,spices
Knoblauchsoße,sauces
Mascarpone,dairy_goods
Wein,drinks
Gemüsemix,canned_goods
Sardinen,fish
Lende,meat
Dinkelgrütze,groats
Currywurst,meat
Garnelen,fish
Salsa,sauces
Körnerbrot,bread
Lachsfleisch,canned_goods
Camembert,dairy_goods
Frischkäse,dairy_goods
Hundefutter,pet_food
Gurke,vegetables
Seelachs,fish
Rippchen,meat
Milde Suppe,child_food
Tomate,vegetables
Croissant,confectionery
Meerschweinchenfutter,pet_food
Kiwi,fruits
Gerstenflocken,groats
Fruchtpüree,child_food
Babyteig,child_food
Pita,bread
Gouda Käse,dairy_goods
Kidneybohnen,canned_goods
Schinken,meat
Donuts,confectionery
Mineralwasser,drinks
Koriander,spices
Jelly Beans,candy
Fruchtgummi,candy
Traube,fruits
Kefir,dairy_goods
Lende,meat
Lachsfilet,fish
Garnelen,fish
Sojaflocken,groats
Ketchup,sauces
Rote Bete,vegetables
Tiefkühlpizza,frozen_goods
Dinkelbrot,bread
Obstpastillen,candy
Currysauce,sauces
Früchtekompott,canned_goods
Senf,sauces
Blaubeeren (TK),frozen_goods
Hecht,fish
Rösti,frozen_goods
Erdbeerbonbons,candy
Karpfen,fish
Zucchini,vegetables
Lorbeerblatt,spices
Reptilienfutter,pet_food
Thunfisch,canned_goods
Kefir,dairy_goods
Schokolade,confectionery
Buchweizen,groats
Hunde-Kauknochen,pet_food
Kichererbsen,canned_goods
Kartoffelbrei,child_food
Putenbrust,meat
Krabben,fish
Kokosmilch,canned_goods
Erdbeerbonbons,candy
Traube,fruits
Babyteig,child_food
Vogelfutter,pet_food
Haferkleie,groats
Chili con Carne,canned_goods
Tee,drinks
Lasagneplatten,pasta
Aquarienfutter,pet_food
Mie-Nudeln,pasta
Wasser,drinks
Whiskey,drinks
Nektarine,fruits
Möhrengemüse (TK),frozen_goods
Kaninchenfutter,pet_food
Sekt,drinks
Gouda Käse,dairy_goods
Focaccia,bread
Gnocchi,pasta
Lakritzschnecken,candy
Spinat (TK),frozen_goods
Gouda Käse,dairy_goods
Muffins,confectionery
Schinken,meat
Pfirsich,fruits
Waffeln (TK),frozen_goods
Cola,drinks
Orzo,pasta
Lorbeerblatt,spices
Melone,fruits
Kinderpunsch,child_food
Toffifee,candy
Petersilie,spices
Wasser,drinks
Fruchtpüree,child_food
Rosmarin,spices
Eiscreme,frozen_goods
Meerschweinchenfutter,pet_food
Petersilie,spices
Gemüsemix,canned_goods
Butter,dairy_goods
Buchweizen,groats
Orzo,pasta
Muskat,spices
Rigatoni,pasta
Honigmelone,fruits
Bulgur,groats
Weizenbrot,bread
Rösti,frozen_goods
Wassermelone,fruits
Sekt,drinks
Pfirsich,fruits
Mais,canned_goods
Gnocchi,pasta
Lutschbonbons,candy
Gnocchi,pasta
Vogelfutter,pet_food
Gin,drinks
Baguette,bread
Soba,pasta
Katzenfutter,pet_food
Beerenmix (TK),frozen_goods
Schinken,meat
Couscous,groats
Fischstäbchen,frozen_goods
Brownies,confectionery
Beerenmix (TK),frozen_goods
Currysauce,sauces
Thymian,spices
Lachsfilet,fish
Kartoffelbrei,child_food
Ketchup,sauces
Muffins,confectionery
Koriander,spices
Babykost,child_food
Haferflocken,groats
Penne,pasta
Tiefkühlgemüse,frozen_goods
Spinat,vegetables
Erbsen,canned_goods
Dill,spices
Quinoa,groats
Hecht,fish
Papaya,fruits
Tomaten,canned_goods
Mascarpone,dairy_goods
Gemüsemix,canned_goods
Baguette,bread
Apfel,fruits
Pralinen,confectionery
Fusilli,pasta
Reisbrei,child_food
Mineralwasser,drinks
Waffel,confectionery
Dipsauce,sauces
Fischfutter,pet_food
Blaubeeren (TK),frozen_goods
Mortadella,meat
Butter,dairy_goods
Mascarpone,dairy_goods
Limonade,drinks
Salsa,sauces
Sekt,drinks
Seelachs,fish
Wellensittichfutter,pet_food
Zitrone,fruits
Schokoeis,frozen_goods
Apfel,fruits
Vogelfutter,pet_food
Hundefutter,pet_food
Frischkäse,dairy_goods
Bohnen,canned_goods
Haferflocken,groats
Hotdogbrötchen,bread
Hamsterfutter,pet_food
Körnerbrot,bread
Aquarienfutter,pet_food
Fusilli,pasta
Obstpastillen,candy
Frischkäse,dairy_goods
Apfelsaft,drinks
Bauernbrot,bread
Petersilie,spices
Cookies,confectionery
Babykost,child_food
Pralinen,confectionery
Grieß,groats
Chilisauce,sauces
Mascarpone,dairy_goods
Kaugummi,candy
Traubensaft,drinks
Tomaten,canned_goods
Vogelsamen,pet_food
Kurkuma,spices
Prosecco,drinks
Béchamelsauce,sauces
Kreuzkümmel,spices
Kürbis,vegetables
Kindermüsli,child_food
Spaetzle,pasta
Kindertee,child_food
Schlagsahne,dairy_goods
Schildkrötenfutter,pet_food
Gemüsebrei,child_food
Ketchup,sauces
Kiwi,fruits
Gerste,groats
Mozzarella,dairy_goods
Currywurst,meat
Gnocchi,pasta
Gerste,groats
Fischfutter,pet_food
Rosmarin,spices
Kekse,confectionery
Mais,canned_goods
Barsch,fish
Kindertee,child_food
Bulgur,groats
Rosmarin,spices
Mentholbonbons,candy
Polenta,groats
Senf,sauces
Glasnudeln,pasta
Sojasauce,sauces
Maisbrot,bread
Mie-Nudeln,pasta
Fruchtpüree,child_food
Erbsen,canned_goods
Prosecco,drinks
Sojasauce,sauces
Quinoa,groats
Milch,dairy_goods
Rote Bete,vegetables
Speck,meat
Currywurst,meat
Mais,canned_goods
Erdbeerbonbons,candy
Garnelen,fish
Fladenbrot,bread
Pferdefutter,pet_food
Udon,pasta
Dipsauce,sauces
Milch,dairy_goods
Butter,dairy_goods
Gummibärchen,confectionery
Goldfischfutter,pet_food
Mentholbonbons,candy
Paprika,vegetables
Sardinen,fish
Haferschrot,groats
Babyteig,child_food
Speck,meat
Beerenmix (TK),frozen_goods
Mango,fruits
Lakritzschnecken,candy
Penne,pasta
Rigatoni,pasta
Mortadella,meat
Kaugummi,candy
Babyteig,child_food
Toffifee,candy
Kabeljau,fish
Zimt,spices
Béchamelsauce,sauces
Rote Bete,vegetables
Schokolade,confectionery
Blaubeeren (TK),frozen_goods
Flunder,fish
Skyr,dairy_goods
Fischbrei,child_food
Schildkrötenfutter,pet_food
Fleischbrei,child_food
Scholle,fish
Pilze,canned_goods
Zitrone,fruits
Thunfisch,fish
Speck,meat
Fladenbrot,bread
Lakritzdragees,candy
Hähnchenbrust,meat
Tomatensauce,sauces
Currysoße,sauces
Aquarienfutter,pet_food
Mett,meat
Limette,fruits
Dinkelbrot,bread
Tagliatelle,pasta
Toffifee,candy
Jelly Beans,candy
Kinderjoghurt,child_food
Haferkleie,groats
Kaubonbons,candy
Udon,pasta
Thunfisch,fish
Wellensittichfutter,pet_food
Fruchtpüree,child_food
Thunfisch,canned_goods
Chicken Nuggets,frozen_goods
Karpfen,fish
Soba,pasta
Barbecuesauce,sauces
Ciabatta,bread
Dinkelgrütze,groats
Pizzasauce,sauces
Kabeljau,fish
Udon,pasta
Fischbrei,child_food
Aubergine,vegetables
Muskat,spices
Cola-Bonbons,candy
Spinat,vegetables
Speck,meat
Ramen,pasta
Erbsen,vegetables
Lende,meat
Flunder,fish
Lakritzdragees,candy
Glasnudeln,pasta
Wheatberries,groats
Gemüsemix,canned_goods
Butter,dairy_goods
Lorbeerblatt,spices
Hot Sauce,sauces
Orangensaft,drinks
Rösti,frozen_goods
Kirsche,fruits
Tagliatelle,pasta
Rum,drinks
Limonade,drinks
Roggenbrot,bread
Lasagneplatten,pasta
Sojasauce,sauces
Lasagneplatten,pasta
Dipsauce,sauces
Apfelsaft,drinks
Sellerie,vegetables
Kindertee,child_food
Vogelfutter,pet_food
Kekse,confectionery
Obstpastillen,candy
Chili,spices
Soba,pasta
Rösti,frozen_goods
Melone,fruits
Eistee,drinks
Polenta,groats
Tintenfisch,fish
Kartoffelbrei,child_food
Gläschenkost,child_food
Salz,spices
Makrele,fish
Erdbeerbonbons,candy
Katzenleckerlies,pet_food
Brötchen,bread
Lachsfleisch,canned_goods
Croissant,confectionery
Kaugummi,candy
Sekt,drinks
Fenchel,vegetables
Jelly Beans,candy
Fischbrei,child_food
Wasser,drinks
Kurkuma,spices
Lende,meat
Soba,pasta
Babybrei,child_food
Kokosmilch,canned_goods
Toffee,confectionery
Gouda Käse,dairy_goods
Babyteig,child_food
Babykeks,child_food
Limette,fruits
Pferdefutter,pet_food
Lakritzdragees,candy
Barsch,fish
Fleischbrei,child_food
Chili,spices
Cannelloni,pasta
Makrele,fish
Spinat (TK),frozen_goods
Sahne,dairy_goods
Knoblauchsoße,sauces
Zuckerstange,candy
Sellerie,vegetables
Lutschbonbons,candy
Gerstenflocken,groats
Erdbeerbonbons,candy
Orange,fruits
Bohnen,canned_goods
Zuckerwatte,confectionery
Traubensaft,drinks
Bratwurst,meat
Karamell,confectionery
Wassermelone,fruits
Körnerbrot,bread
Pfirsich,fruits
Grieß,groats
Mentholbonbons,candy
Paprika,vegetables
Hot Sauce,sauces
Kefir,dairy_goods
Fischfutter,pet_food
Rösti,frozen_goods
Tomaten,canned_goods
Paprikapulver,spices
Kokosmilch,canned_goods
Polenta,groats
Tagliatelle,pasta
Butter,dairy_goods
Chili,spices
Tiefkühlgemüse,frozen_goods
Grieß,groats
Tartarensauce,sauces
Sellerie,vegetables
Pfeffer,spices
Melone,fruits
Wassermelone,fruits
Whiskey,drinks
Brownies,confectionery
Chicken Nuggets,frozen_goods
Leberwurst,meat
Cola,drinks
Lakritzdragees,candy
Focaccia,bread
Vogelfutter,pet_food
Fischbrei,child_food
Cupcakes,confectionery
Roggenbrot,bread
Polenta,groats
Hamsterfutter,pet_food
Kinderpunsch,child_food
Hunde-Kauknochen,pet_food
Kartoffelbrei,child_food
Aquarienfutter,pet_food
Hunde-Kauknochen,pet_food
Kreuzkümmel,spices
Tomatensauce,sauces
Fleischbrei,child_food
Kefir,dairy_goods
Bonbons,confectionery
Fischbrei,child_food
Toffee,confectionery
Taubenfutter,pet_food
Bohnen,canned_goods
Whiskey,drinks
Rippchen,meat
Kindermüsli,child_food
Zitronenbonbons,candy
Amaranth,groats
Wheatberries,groats
Thymian,spices
Pilze,canned_goods
Tagliatelle,pasta
Seelachs,fish
Hirse,groats
Gyros,meat
Babyteig,child_food
Ananas,canned_goods
Mett,meat
Zwiebelbrot,bread
Couscous,groats
Wein,drinks
Apfel,fruits
Fischbrei,child_food
Birne,fruits
Kohl,vegetables
Camembert,dairy_goods
Gummibärli,candy
Udon,pasta
Lachsfleisch,canned_goods
Gnocchi,pasta
Sardellen,canned_goods
Fischstäbchen,frozen_goods
Dinkelgrütze,groats
Mie-Nudeln,pasta
Toffifee,candy
Pilze,canned_goods
Zitronenschokolade,candy
Fischbrei,child_food
Schmand,dairy_goods
Lakritz,confectionery
Ciabatta,bread
Grieß,groats
Fleischbrei,child_food
Gnocchi,pasta
Currysoße,sauces
Knoblauchsoße,sauces
Couscous,pasta
Marshmallows,confectionery
Fischstäbchen,frozen_goods
Vogelfutter,pet_food
Brownies,confectionery
Hering,fish
Cupcakes,confectionery
Aubergine,vegetables
Vogelsamen,pet_food
Toastbrot,bread
Mineralwasser,drinks
Currywurst,meat
Schmand,dairy_goods
Bratwurst,meat
Dipsauce,sauces
Schokolade,confectionery
Makrele,fish
Couscous,groats
Fischfutter,pet_food
Backfisch,frozen_goods
Mais,canned_goods
Kidneybohnen,canned_goods
Thunfisch,fish
Reis,groats
Pesto,sauces
Rösti,frozen_goods
Leberwurst,meat
Kefir,dairy_goods
Cola-Bonbons,candy
Melone,fruits
Sauerteigbrot,bread
Thunfisch,canned_goods
Milch,dairy_goods
Körnerbrot,bread
Chili con Carne,canned_goods
Zwiebelbrot,bread
Tagliatelle,pasta
Hunde-Kauknochen,pet_food
Gnocchi,pasta
Filetsteak,meat
Prosecco,drinks
Pralinen,confectionery
Hecht,fish
Kohl,vegetables
Gummibärchen,confectionery
Waffel,confectionery
Tintenfisch,fish
Sauerteigbrot,bread
Lachsfleisch,canned_goods
Speck,meat
Tiefkühlpizza,frozen_goods
Rippchen,meat
Radieschen,vegetables
Lende,meat
Udon,pasta
Erbsen,vegetables
Kinderjoghurt,child_food
Gnocchi,pasta
Sahne,dairy_goods
Mangosalsa,canned_goods
Scholle,fish
Roggenbrot,bread
Fischbrei,child_food
Sahne,dairy_goods
Gemüsebrei,child_food
Barbecuesauce,sauces
Mascarpone,dairy_goods
Fruchtpüree,child_food
Toffifee,candy
Melone,fruits
Feta,dairy_goods
Orange,fruits
Reptilienfutter,pet_food
Zitrone,fruits
Kirsche,fruits
Nelken,spices
Grieß,groats
Fischfutter,pet_food
Kurkuma,spices
Gemüsebrei,child_food
Wasser,drinks
Feta,dairy_goods
Tierfutter,pet_food
Mais,canned_goods
Kekse,confectionery
Kinderjoghurt,child_food
Hollandaise,sauces
Schweinekotelett,meat
Melone,fruits
Vollkornbrot,bread
Gummibärchen,confectionery
Kaninchenfutter,pet_food
Knoblauchsoße,sauces
Gyros,meat
Früchtekompott,canned_goods
Hollandaise,sauces
Camembert,dairy_goods
Speck,meat
Hundefutter,pet_food
Kurkuma,spices
Vollkornbrot,bread
Tagliatelle,pasta
Tartarensauce,sauces
Waffel,confectionery
Kekse,confectionery
Gnocchi,pasta
Ciabatta,bread
Prosecco,drinks
Mentholbonbons,candy
Penne,pasta
Hotdogbrötchen,bread
Möhrengemüse (TK),frozen_goods
Bonbons,confectionery
Weizenbrot,bread
Tintenfisch,fish
Vodka,drinks
Vanilleeis,frozen_goods
Nektarine,fruits
Salami,meat
Früchtekompott,canned_goods
Fischfutter,pet_food
Knoblauchsoße,sauces
Katzenfutter,pet_food
Körnerbrot,bread
Meerschweinchenfutter,pet_food
Ananas,canned_goods
Kirsche,fruits
Pilze,canned_goods
Rippchen,meat
Vanilleeis,frozen_goods
Zucchini,vegetables
Obstpastillen,candy
Karamell,confectionery
Chili,spices
Pfirsich,fruits
Schildkrötenfutter,pet_food
Körnerbrot,bread
Brokkoli,vegetables
Paprika,vegetables
Sojasauce,sauces
Toastbrot,bread
Bonbons,confectionery
Muskat,spices
Spinat,vegetables
Banane,fruits
Polenta,groats
Muscheln,fish
Erbsen,canned_goods
Pizzasauce,sauces
Filetsteak,meat
Muffins,confectionery
Schnittlauch,spices
Birne,fruits
Zitrone,fruits
Hotdogbrötchen,bread
Pralinen,confectionery
Orangensaft,drinks
Barbecuesauce,sauces
Gummibärli,candy
Katzenleckerlies,pet_food
Weizenbrot,bread
Sekt,drinks
Dinkelbrot,bread
Mais,canned_goods
Garnelen,fish
Eiscreme,frozen_goods
Erdbeerbonbons,candy
Eistee,drinks
Wheatberries,groats
Himbeeren (TK),frozen_goods
Couscous,pasta
Möhrengemüse (TK),frozen_goods
Ciabatta,bread
Hamsterfutter,pet_food
Kefir,dairy_goods
Bulgur,groats
Waffeln (TK),frozen_goods
Mie-Nudeln,pasta
Muscheln,fish
Marshmallows,confectionery
Kidneybohnen,canned_goods
Speck,meat
Gin,drinks
Sellerie,vegetables
Kürbis,vegetables
Basilikum,spices
Kaffee,drinks
Joghurt,dairy_goods
Kefir,dairy_goods
Donuts,confectionery
Babykost,child_food
Kaffee,drinks
Hecht,fish
Roggenbrot,bread
Butter,dairy_goods
Muscheln,fish
Krabben,fish
Eistee,drinks
Sekt,drinks
Pralinen,confectionery
Zuckerstange,candy
Skyr,dairy_goods
Focaccia,bread
Kidneybohnen,canned_goods
Kindertee,child_food
Rote Bete,vegetables
Pita,bread
Leberwurst,meat
Apfelsaft,drinks
Pilze,canned_goods
Fenchel,vegetables
Backfisch,frozen_goods
Kirschkonfitüre,canned_goods
Papaya,fruits
Rote Bete,vegetables
Kinderpunsch,child_food
Kreuzkümmel,spices
Basilikum,spices
Cannelloni,pasta
Pferdefutter,pet_food
Pferdefutter,pet_food
Currywurst,meat
Butter,dairy_goods
Kiwi,fruits
Lasagneplatten,pasta
Mayonnaise,sauces
Kabeljau,fish
Bohnen,vegetables
Radieschen,vegetables
Tiefkühlgemüse,frozen_goods
Lakritz,confectionery
Ricotta,dairy_goods
Früchtekompott,canned_goods
Tagliatelle,pasta
Pommes Frites,frozen_goods
Zitronenschokolade,candy
Reis,groats
Wassermelone,fruits
Mandarine,fruits
Cola-Bonbons,candy
Spaetzle,pasta
Spaetzle,pasta
Pfeffer,spices
Kaffee,drinks
Kohl,vegetables
Speck,meat
Reptilienfutter,pet_food
Möhrengemüse (TK),frozen_goods
Buchweizen,groats
Katzenfutter,pet_food
Gemüsebrei,child_food
Kürbis,vegetables
Brokkoli,vegetables
Vodka,drinks
Chili,spices
Mortadella,meat
Mentholbonbons,candy
Haferschrot,groats
Spinat,vegetables
Pferdefutter,pet_food
Kürbis,vegetables
Salami,meat
Mett,meat
Wheatberries,groats
Hot Sauce,sauces
Gerstenflocken,groats
Senf,sauces
Basilikum,spices
Brownies,confectionery
Brownies,confectionery
Lakritzschnecken,candy
Ziegenkäse,dairy_goods
Karotte,vegetables
Oregano,spices
Eistee,drinks
Joghurt,dairy_goods
Cola,drinks
Zitronenbonbons,candy
Schlagsahne,dairy_goods
Hunde-Kauknochen,pet_food
Nougat,confectionery
Bulgur,groats
Pesto,sauces
Tierfutter,pet_food
Mais,canned_goods
Aquarienfutter,pet_food
Schmand,dairy_goods
Kabeljau,fish
Jelly Beans,candy
Chili con Carne,canned_goods
Sauerteigbrot,bread
Thunfisch,canned_goods
Vollkornbrot,bread
Sojasauce,sauces
Radieschen,vegetables
Orangensaft,drinks
Zuckerstange,candy
Milde Suppe,child_food
Tiefkühlgemüse,frozen_goods
Couscous,pasta
Nelken,spices
Orzo,pasta
Mango,fruits
Mineralwasser,drinks
Rösti,frozen_goods
Couscous,pasta
Cola,drinks
Kabeljau,fish
Zwiebelbrot,bread
Tierfutter,pet_food
Buchweizen,groats
Gummibärchen,confectionery
Lutschbonbons,candy
Teigtaschen (TK),frozen_goods
Birne,fruits
Currysauce,sauces
Zitronenschokolade,candy
Honigmelone,fruits
Tomatensauce,sauces
Salsa,sauces
Ketchup,sauces
Dinkelgrütze,groats
Toastbrot,bread
Polenta,groats
Dipsauce,sauces
Salsa,sauces
Vogelfutter,pet_food
Nektarine,fruits
Penne,pasta
Aubergine,vegetables
Lende,meat
Fischfutter,pet_food
Karpfen,fish
Sardinen,fish
Sekt,drinks
Farfalline,pasta
Baguette,bread
Quark,dairy_goods
Kekse,confectionery
Fischfutter,pet_food
Kreuzkümmel,spices
Goldfischfutter,pet_food
Honigmelone,fruits
Nektarine,fruits
Cannelloni,pasta
Vollkornbrot,bread
Papaya,fruits
Erbsen,canned_goods
Kaninchenfutter,pet_food
Tartarensauce,sauces
Kidneybohnen,canned_goods
Donuts,confectionery
Hunde-Kauknochen,pet_food
Jelly Beans,candy
Farfalline,pasta
Sekt,drinks
Lasagneplatten,pasta
Flunder,fish
Zitronenschokolade,candy
Gurke,vegetables
Gummibärli,candy
Kartoffelbrei,child_food
Hering,fish
Bohnen,canned_goods
Ciabatta,bread
Mangosalsa,canned_goods
Filetsteak,meat
Lende,meat
Spaetzle,pasta
Rigatoni,pasta
Oliven,canned_goods
Gerstenflocken,groats
Tomaten,canned_goods
Kaffee,drinks
Barsch,fish
Pfirsich,fruits
Ramen,pasta
Fischbrei,child_food
Rosmarin,spices
Hüttenkäse,dairy_goods
Kekse,confectionery
Kaninchenfutter,pet_food
Kichererbsen,canned_goods
Zitronenbonbons,candy
Glasnudeln,pasta
Croissant,confectionery
Limonade,drinks
Rum,drinks
Barsch,fish
Babykeks,child_food
Pita,bread
Hamsterfutter,pet_food
Zwiebelbrot,bread
Roggenbrot,bread
Milch,dairy_goods
Katzenfutter,pet_food
Himbeeren (TK),frozen_goods
Vollkornbrot,bread
Schweinekotelett,meat
Mie-Nudeln,pasta
Milch,dairy_goods
Milch,dairy_goods
Kekse,confectionery
Farfalline,pasta
Lende,meat
Vogelfutter,pet_food
Schokolade,confectionery
Bonbons,confectionery
Karotte,vegetables
Mascarpone,dairy_goods
Camembert,dairy_goods
Zimt,spices
Hamsterfutter,pet_food
Currywurst,meat
Barsch,fish
Sardinen,fish
Kidneybohnen,canned_goods
Butter,dairy_goods
Garnelen,fish
Lende,meat
Vodka,drinks
Ricotta,dairy_goods
Mozzarella,dairy_goods
Maccheroni,pasta
Udon,pasta
Maisbrot,bread
Lakritzdragees,candy
Fruchtpüree,child_food
Salami,meat
Gläschenkost,child_food
Erbsen,vegetables
Schnittlauch,spices
Tintenfisch,fish
Meerschweinchenfutter,pet_food
Mineralwasser,drinks
Pfeffer,spices
Pilze,canned_goods
Muscheln,fish
Garnelen,fish
Jelly Beans,candy
Mortadella,meat
Forelle,fish
Sardellen,canned_goods
Ketchup,sauces
Wellensittichfutter,pet_food
Filetsteak,meat
Tiefkühlpizza,frozen_goods
Pfirsich,fruits
Goldfischfutter,pet_food
Tomate,vegetables
Erbsen (TK),frozen_goods
Mentholbonbons,candy
Currysauce,sauces
Kirsche,fruits
Rindersteak,meat
Babyteig,child_food
Sardinen,fish
Cola-Bonbons,candy
Erbsen,canned_goods
Blumenkohl,vegetables
Braten,meat
Kaubonbons,candy
Milde Suppe,child_food
Baguette,bread
Rippchen,meat
Mineralwasser,drinks
Spinat,vegetables
Lende,meat
Eiscreme,frozen_goods
Kiwi,fruits
Oliven,canned_goods
Braten,meat
Kekse,confectionery
Hering,fish
Nelken,spices
Vogelfutter,pet_food
Cupcakes,confectionery
Karamell,confectionery
Knoblauchsoße,sauces
Gummibärchen,confectionery
Sardinen,fish
Orange,fruits
Ananas,fruits
Feta,dairy_goods
Birne,fruits
Maisgrieß,groats
Paprikapulver,spices
Bratwurst,meat
Ketchup,sauces
Vodka,drinks
Makrele,fish
Spinat,vegetables
Möhrengemüse (TK),frozen_goods
Chili,spices
Pfeffer,spices
Lutschbonbons,candy
Pesto,sauces
Mango,fruits
Schokolade,confectionery
Haferschrot,groats
Oregano,spices
Tartarensauce,sauces
Pferdefutter,pet_food
Pesto,sauces
Leberwurst,meat
Ziegenkäse,dairy_goods
Krabben,fish
Hering,fish
Cupcakes,confectionery
Orangensaft,drinks
Whiskey,drinks
Gurke,vegetables
Karpfen,fish
Filetsteak,meat
Sahne,dairy_goods
Sellerie,vegetables
Chili,spices
Mortadella,meat
Kinderpunsch,child_food
Erdbeerbonbons,candy
Donuts,confectionery
Salz,spices
Kohl,vegetables
Mandarine,fruits
Thymian,spices
Zwiebelbrot,bread
Rum,drinks
Muscheln,fish
Gin,drinks
Pralinen,confectionery
Apfel,fruits
Hollandaise,sauces
Reis,groats
Mais,canned_goods
Vogelsamen,pet_food
Kaninchenfutter,pet_food
Braten,meat
Maisbrot,bread
Gläschenkost,child_food
Haferkleie,groats
Hotdogbrötchen,bread
Katzenleckerlies,pet_food
Lakritzdragees,candy
Spinat (TK),frozen_goods
Tintenfisch,fish
Soba,pasta
Garnelen,fish
Mie-Nudeln,pasta
Rösti,frozen_goods
Lakritz,confectionery
Whiskey,drinks
Milchnahrung,child_food
Béchamelsauce,sauces
Flunder,fish
Bohnen,canned_goods
Fleischbrei,child_food
Pommes Frites,frozen_goods
Haferbrei,child_food
Tomate,vegetables
Penne,pasta
Grieß,groats
Gläschenkost,child_food
Blumenkohl,vegetables
Couscous,pasta
Leberwurst,meat
Croissant,confectionery
Chilisauce,sauces
Barsch,fish
Vogelsamen,pet_food
Dill,spices
Chilisauce,sauces
Melone,fruits
Amaranth,groats
Dinkelbrot,bread
Quark,dairy_goods
Cola-Bonbons,candy
Gurke,vegetables
Karotte,vegetables
Ziegenkäse,dairy_goods
Tiefkühlpizza,frozen_goods
Fischstäbchen,frozen_goods
Babyteig,child_food
Vanilleeis,frozen_goods
Pfirsich,fruits
Butter,dairy_goods
Erbsen,vegetables
Lorbeerblatt,spices
Kekse,confectionery
Tomaten,canned_goods
Eiscreme,frozen_goods
Toffee,confectionery
Kaffee,drinks
Mango,fruits
Muskat,spices
Muffins,confectionery
Vollkornbrot,bread
Gläschenkost,child_food
Schweinekotelett,meat
Kaubonbons,candy
Bulgur,groats
Blaubeeren (TK),frozen_goods
Rigatoni,pasta
Schokolade,confectionery
Gnocchi,pasta
Lende,meat
Brötchen,bread
Hüttenkäse,dairy_goods
Kokosmilch,canned_goods
Gouda Käse,dairy_goods
Kokosmilch,canned_goods
Kartoffelbrei,child_food
Katzenleckerlies,pet_food
Lachsfilet,fish
Kaninchenfutter,pet_food
Schlagsahne,dairy_goods
Wein,drinks
Dinkelbrot,bread
Traubensaft,drinks
Paprika,vegetables
Paprika,vegetables
Reptilienfutter,pet_food
Hecht,fish
Wein,drinks
Gouda Käse,dairy_goods
Seelachs,fish
Hecht,fish
Chicken Nuggets,frozen_goods
Honigmelone,fruits
Schildkrötenfutter,pet_food
Blumenkohl,vegetables
Kindertee,child_food
Kichererbsen,canned_goods
Feta,dairy_goods
Muskat,spices
Hollandaise,sauces
Blumenkohl,vegetables
Wasser,drinks
Wasser,drinks
Orangensaft,drinks
Mett,meat
Joghurt,dairy_goods
Zitronenbonbons,candy
Kurkuma,spices
Tiefkühlpizza,frozen_goods
Traubensaft,drinks
Mangosalsa,canned_goods
Hirse,groats
Tomatensauce,sauces
Ciabatta,bread
Mozzarella,dairy_goods
Muffins,confectionery
Teigtaschen (TK),frozen_goods
Kaninchenfutter,pet_food
Garnelen,fish
Schinken,meat
Gurke,vegetables
Pfeffer,spices
Seehecht,fish
Apfel,fruits
Reisbrei,child_food
Schweinekotelett,meat
Gouda Käse,dairy_goods
Senf,sauces
Quinoa,groats
Tiefkühlgemüse,frozen_goods
Spaetzle,pasta
Ananas,fruits
Jelly Beans,candy
Radieschen,vegetables
Bratwurst,meat
Salami,meat
Currysauce,sauces
Blaubeeren (TK),frozen_goods
Mie-Nudeln,pasta
Kokosmilch,canned_goods
Cupcakes,confectionery
Forelle,fish
Gin,drinks
Salsa,sauces
Dinkelbrot,bread
Schokolade,confectionery
Knäckebrot,bread
Gerstenflocken,groats
Babyteig,child_food
Tomaten,canned_goods
Taubenfutter,pet_food
Sardellen,canned_goods
Rippchen,meat
Gemüsebrei,child_food
Mascarpone,dairy_goods
Lorbeerblatt,spices
Salsa,sauces
Kaugummi,candy
Schildkrötenfutter,pet_food
Blumenkohl,vegetables
Apfel,fruits
Babybrei,child_food
Thunfisch,fish
Traubensaft,drinks
Schokolade,confectionery
Milch,dairy_goods
Babykost,child_food
Mango,fruits
Kaugummi,candy
Kirsche,fruits
Nektarine,fruits
Rosmarin,spices
Vodka,drinks
Schinken,meat
Frischkäse,dairy_goods
Gläschenkost,child_food
Lakritz,confectionery
Banane,fruits
Pfirsich,fruits
Amaranth,groats
Ziegenkäse,dairy_goods
Sojaflocken,groats
Fischbrei,child_food
Aquarienfutter,pet_food
Tartarensauce,sauces
Muskat,spices
Zwiebelbrot,bread
Blumenkohl,vegetables
Hähnchenbrust,meat
Obstpastillen,candy
Süßigkeitenmix,candy
Babyteig,child_food
Kinderpunsch,child_food
Focaccia,bread
Brokkoli,vegetables
Rösti,frozen_goods
Camembert,dairy_goods
Gemüsemix,canned_goods
Mango,fruits
Whiskey,drinks
Wasser,drinks
Haferbrei,child_food
Fruchtgummi,candy
Kurkuma,spices
Rinderhack,meat
Sardinen,fish
Tee,drinks
Lasagneplatten,pasta
Filetsteak,meat
Zitronenbonbons,candy
Rindersteak,meat
Lakritzdragees,candy
Camembert,dairy_goods
Fruchtpüree,child_food
Jelly Beans,candy
Weizenbrot,bread
Kichererbsen,canned_goods
Erbsen (TK),frozen_goods
Oliven,canned_goods
Apfel,fruits
Himbeeren (TK),frozen_goods
Süßigkeitenmix,candy
Lakritz,confectionery
Kekse,confectionery
Eiscreme,frozen_goods
Kidneybohnen,canned_goods
Camembert,dairy_goods
Gemüsemix,canned_goods
Penne,pasta
Pfeffer,spices
Cupcakes,confectionery
Taubenfutter,pet_food
Maccheroni,pasta
Sojasauce,sauces
Kabeljau,fish
Fischbrei,child_food
Spinat,vegetables
Spaghetti,pasta
Aubergine,vegetables
Pferdefutter,pet_food
Gerstenflocken,groats
Waffel,confectionery
Chicken Nuggets,frozen_goods
Möhrengemüse (TK),frozen_goods
Milch,dairy_goods
Hollandaise,sauces
Tintenfisch,fish
Seehecht,fish
Gin,drinks
Ananas,canned_goods
Nougat,confectionery
Vogelsamen,pet_food
Rote Bete,vegetables
Kidneybohnen,canned_goods
Pizzasauce,sauces
Mandarine,fruits
Currywurst,meat
Schildkrötenfutter,pet_food
Zuckerwatte,confectionery
Sojasauce,sauces
Whiskey,drinks
Sojasauce,sauces
Schokolade,confectionery
Mentholbonbons,candy
Thunfisch,fish
Taubenfutter,pet_food
Karamell,confectionery
Tagliatelle,pasta
Katzenfutter,pet_food
Soba,pasta
Butter,dairy_goods
Nelken,spices
Aubergine,vegetables
Kidneybohnen,canned_goods
Basilikum,spices
Schmand,dairy_goods
Kindermüsli,child_food
Quark,dairy_goods
Hollandaise,sauces
Dinkelgrütze,groats
Baguette,bread
Erbsen,vegetables
Tagliatelle,pasta
Schildkrötenfutter,pet_food
Kiwi,fruits
Schweinekotelett,meat
Basilikum,spices
Limonade,drinks
Jelly Beans,candy
Waffel,confectionery
Makrele,fish
Mett,meat
Marshmallows,confectionery
Reis,groats
Gläschenkost,child_food
Rosmarin,spices
Goldfischfutter,pet_food
Farfalline,pasta
Karamell,confectionery
Ananas,canned_goods
Pfirsich,fruits
Goldfischfutter,pet_food
Karpfen,fish
Putenbrust,meat
Schokolade,confectionery
Gummibärchen,confectionery
Baguette,bread
Milde Suppe,child_food
Vollkornbrot,bread
Mineralwasser,drinks
Skyr,dairy_goods
Hüttenkäse,dairy_goods
Beerenmix (TK),frozen_goods
Reisbrei,child_food
Zwiebelbrot,bread
Birne,fruits
Muskat,spices
Kokosmilch,canned_goods
Currywurst,meat
Waffel,confectionery
Frischkäse,dairy_goods
Seehecht,fish
Zitrone,fruits
Schnittlauch,spices
Quark,dairy_goods
Pommes Frites,frozen_goods
Gouda Käse,dairy_goods
Zitronenschokolade,candy
Ananas,fruits
Papaya,fruits
Lakritzschnecken,candy
Kindertee,child_food
Filetsteak,meat
Gouda Käse,dairy_goods
Tagliatelle,pasta
Penne,pasta
Eistee,drinks
Chilisauce,sauces
Fladenbrot,bread
Muskat,spices
Amaranth,groats
Wasser,drinks
Karotte,vegetables
Sahne,dairy_goods
Schweinekotelett,meat
Hunde-Kauknochen,pet_food
Chilisauce,sauces
Fruchtgummi,candy
Lende,meat
Sardinen,fish
Kinderpunsch,child_food
Rum,drinks
Katzenleckerlies,pet_food
Babykost,child_food
Dinkelbrot,bread
Basilikum,spices
Chilisauce,sauces
Wein,drinks
Pita,bread
Haferschrot,groats
Pfeffer,spices
Ananas,canned_goods
Milch,dairy_goods
Mentholbonbons,candy
Radieschen,vegetables
Sardellen,canned_goods
Lende,meat
Kabeljau,fish
Farfalline,pasta
Salz,spices
Nougat,confectionery
Bohnen,vegetables
Dinkelbrot,bread
Tomate,vegetables
Schokolinsen,candy
Gin,drinks
Wasser,drinks
Kabeljau,fish
Kurkuma,spices
Schlagsahne,dairy_goods
Mango,fruits
Gurke,vegetables
Blaubeeren (TK),frozen_goods
Thunfisch,fish
Soba,pasta
Leberwurst,meat
Birne,fruits
Ketchup,sauces
Couscous,groats
Rösti,frozen_goods
Mie-Nudeln,pasta
Tintenfisch,fish
Amaranth,groats
Chili,spices
Gläschenkost,child_food
Zitronenbonbons,candy
Petersilie,spices
Mais,canned_goods
Sellerie,vegetables
Erbsen,vegetables
Toffee,confectionery
Rosmarin,spices
Udon,pasta
Thymian,spices
Filetsteak,meat
Nektarine,fruits
Currywurst,meat
Vogelsamen,pet_food
Erdbeerbonbons,candy
Rum,drinks
Seelachs,fish
Mais,canned_goods
Tomate,vegetables
Gummibärli,candy
Apfel,fruits
Fleischbrei,child_food
Körnerbrot,bread
Rippchen,meat
Wassermelone,fruits
Tomate,vegetables
Toffee,confectionery
Beerenmix (TK),frozen_goods
Pommes Frites,frozen_goods
Mais,canned_goods
Kindermüsli,child_food
Waffel,confectionery
Thunfisch,canned_goods
Reisbrei,child_food
Whiskey,drinks
Basilikum,spices
Zucchini,vegetables
Sellerie,vegetables
Sojasauce,sauces
Muffins,confectionery
Gemüsebrei,child_food
Mascarpone,dairy_goods
Pita,bread
Tomatensauce,sauces
Maisbrot,bread
Kinderpunsch,child_food
Spaetzle,pasta
Knäckebrot,bread
Wheatberries,groats
Tintenfisch,fish
Zucchini,vegetables
Schokolinsen,candy
Haferschrot,groats
Krabben,fish
Kindertee,child_food
Seehecht,fish
Brötchen,bread
Kidneybohnen,canned_goods
Tiefkühlgemüse,frozen_goods
Barsch,fish
Koriander,spices
Seelachs,fish
Currysauce,sauces
Salz,spices
Kidneybohnen,canned_goods
Limette,fruits
Camembert,dairy_goods
Cola,drinks
Dill,spices
Pommes Frites,frozen_goods
Tiefkühlpizza,frozen_goods
Hähnchenbrust,meat
Hollandaise,sauces
Salz,spices
Wellensittichfutter,pet_food
Obstpastillen,candy
Muskat,spices
Blumenkohl,vegetables
Zwiebelbrot,bread
Gemüsemix,canned_goods
Couscous,pasta
Dill,spices
Papaya,fruits
Fusilli,pasta
Mayonnaise,sauces
Gin,drinks
Wasser,drinks
Lachsfilet,fish
Forelle,fish
Kaubonbons,candy
Gurke,vegetables
Mozzarella,dairy_goods
Lakritzschnecken,candy
Senf,sauces
Traubensaft,drinks
Hirse,groats
Tintenfisch,fish
Chili con Carne,canned_goods
Flunder,fish
Eiscreme,frozen_goods
Gerste,groats
Babybrei,child_food
Pralinen,confectionery
Mais,canned_goods
Gnocchi,pasta
Goldfischfutter,pet_food
Muscheln,fish
Zitrone,fruits
Katzenfutter,pet_food
Meerschweinchenfutter,pet_food
Zimt,spices
Cola,drinks
Tomate,vegetables
Brötchen,bread
Hamsterfutter,pet_food
Zuckerwatte,confectionery
Mortadella,meat
Jelly Beans,candy
Katzenleckerlies,pet_food
Katzenleckerlies,pet_food
Himbeeren (TK),frozen_goods
Grieß,groats
Haferschrot,groats
Lachsfilet,fish
Pralinen,confectionery
Muffins,confectionery
Kartoffelbrei,child_food
Forelle,fish
Rinderhack,meat
Cannelloni,pasta
Penne,pasta
Pfeffer,spices
Blaubeeren (TK),frozen_goods
Papaya,fruits
Aquarienfutter,pet_food
Schlagsahne,dairy_goods
Milch,dairy_goods
Melone,fruits
Bonbons,confectionery
Focaccia,bread
Pferdefutter,pet_food
Gurke,vegetables
Zitrone,fruits
Milch,dairy_goods
Kindertee,child_food
Brokkoli,vegetables
Wellensittichfutter,pet_food
Reisbrei,child_food
Kekse,confectionery
Eiscreme,frozen_goods
Haferschrot,groats
Fruchtgummi,candy
Milch,dairy_goods
Gin,drinks
Whiskey,drinks
Mango,fruits
Hering,fish
Erbsen,vegetables
Braten,meat
Kaugummi,candy
Tomatensauce,sauces
Whiskey,drinks
Hirse,groats
Udon,pasta
Katzenleckerlies,pet_food
Pferdefutter,pet_food
Knäckebrot,bread
Hecht,fish
Fruchtpüree,child_food
Paprika,vegetables
Karpfen,fish
Hot Sauce,sauces
Hähnchenbrust,meat
Kurkuma,spices
Teigtaschen (TK),frozen_goods
Sahne,dairy_goods
Kinderjoghurt,child_food
Rote Bete,vegetables
Pferdefutter,pet_food
Kinderjoghurt,child_food
Möhrengemüse (TK),frozen_goods
Roggenbrot,bread
Rosmarin,spices
Schokolinsen,candy
Limette,fruits
Lasagneplatten,pasta
Melone,fruits
Lakritz,confectionery
Hunde-Kauknochen,pet_food
Thunfisch,canned_goods
Glasnudeln,pasta
Frischkäse,dairy_goods
Thymian,spices
Lutschbonbons,candy
Nektarine,fruits
Eiscreme,frozen_goods
Rinderhack,meat
Rote Bete,vegetables
Lakritzschnecken,candy
Fischfutter,pet_food
Rinderhack,meat
Pita,bread
Rigatoni,pasta
Kohl,vegetables
Salami,meat
Udon,pasta
Bohnen,canned_goods
Couscous,groats
Tomate,vegetables
Pferdefutter,pet_food
Tintenfisch,fish
Kokosmilch,canned_goods
Chili con Carne,canned_goods
Seelachs,fish
Seelachs,fish
Joghurt,dairy_goods
Chicken Nuggets,frozen_goods
Forelle,fish
Basilikum,spices
Rösti,frozen_goods
Brownies,confectionery
Feta,dairy_goods
Mascarpone,dairy_goods
Katzenleckerlies,pet_food
Blaubeeren (TK),frozen_goods
Erdbeerbonbons,candy
Mascarpone,dairy_goods
Pferdefutter,pet_food
Reis,groats
Thymian,spices
Wein,drinks
Brötchen,bread
Joghurt,dairy_goods
Haferkleie,groats
Currysoße,sauces
Papaya,fruits
Aquarienfutter,pet_food
Kurkuma,spices
Karpfen,fish
Dinkelgrütze,groats
Ananas,fruits
Gemüsebrei,child_food
Schnittlauch,spices
Rum,drinks
Kabeljau,fish
Seelachs,fish
Tiefkühlgemüse,frozen_goods
Schildkrötenfutter,pet_food
Körnerbrot,bread
Quinoa,groats
Mineralwasser,drinks
Cupcakes,confectionery
Hollandaise,sauces
Bonbons,confectionery
Jelly Beans,candy
Cannelloni,pasta
Kefir,dairy_goods
Salami,meat
Pommes Frites,frozen_goods
Mentholbonbons,candy
Zitronenschokolade,candy
Tomate,vegetables
Kefir,dairy_goods
Chili con Carne,canned_goods
Toffee,confectionery
Salami,meat
Mango,fruits
Rippchen,meat
Waffeln (TK),frozen_goods
Chilisauce,sauces
Putenbrust,meat
Gerste,groats
Mett,meat
Chili,spices
Nelken,spices
Joghurt,dairy_goods
Zitrone,fruits
Wein,drinks
Cola,drinks
Bratwurst,meat
Kefir,dairy_goods
Cookies,confectionery
Ketchup,sauces
Tartarensauce,sauces
Dipsauce,sauces
Limonade,drinks
Chili,spices
Sardellen,canned_goods
Spaetzle,pasta
Tomatensauce,sauces
Currysauce,sauces
Fischstäbchen,frozen_goods
Erdbeerbonbons,candy
Gummibärli,candy
Teigtaschen (TK),frozen_goods
Prosecco,drinks
Lakritzschnecken,candy
Koriander,spices
Hecht,fish
Rum,drinks
Prosecco,drinks
Sardellen,canned_goods
Eistee,drinks
Kefir,dairy_goods
Gurke,vegetables
Gummibärchen,confectionery
Donuts,confectionery
Mineralwasser,drinks
Kartoffelbrei,child_food
Sardinen,fish
Oregano,spices
Tagliatelle,pasta
Forelle,fish
Thymian,spices
Rosmarin,spices
Cola,drinks
Ananas,canned_goods
Katzenleckerlies,pet_food
Orangensaft,drinks
Rindersteak,meat
Basilikum,spices
Zucchini,vegetables
Zuckerwatte,confectionery
Sardellen,canned_goods
Waffel,confectionery
Orangensaft,drinks
Beerenmix (TK),frozen_goods
Grieß,groats
Hecht,fish
Hotdogbrötchen,bread
Kefir,dairy_goods
Lakritzschnecken,candy
Mineralwasser,drinks
Kaffee,drinks
Béchamelsauce,sauces
Maccheroni,pasta
Papaya,fruits
Cola-Bonbons,candy
Bohnen,vegetables
Babybrei,child_food
Currysauce,sauces
Speck,meat
Spinat (TK),frozen_goods
Tagliatelle,pasta
Reisbrei,child_food
Dipsauce,sauces
Vodka,drinks
Jelly Beans,candy
Früchtekompott,canned_goods
Waffel,confectionery
Kaninchenfutter,pet_food
Lasagneplatten,pasta
Mango,fruits
Rigatoni,pasta
Kaugummi,candy
Babykost,child_food
Fischstäbchen,frozen_goods
Teigtaschen (TK),frozen_goods
Cola-Bonbons,candy
Lakritzdragees,candy
Zuckerstange,candy
Tiefkühlgemüse,frozen_goods
Sellerie,vegetables
Orange,fruits
Schokolade,confectionery
Chicken Nuggets,frozen_goods
Tiefkühlgemüse,frozen_goods
Cupcakes,confectionery
Paprika,vegetables
Rosmarin,spices
Kartoffelbrei,child_food
Rigatoni,pasta
Prosecco,drinks
Toastbrot,bread
Farfalline,pasta
Muscheln,fish
Fleischbrei,child_food
Lakritz,confectionery
Filetsteak,meat
Apfelsaft,drinks
Lachsfleisch,canned_goods
Kurkuma,spices
Kidneybohnen,canned_goods
Kokosmilch,canned_goods
Chicken Nuggets,frozen_goods
Sekt,drinks
Vanilleeis,frozen_goods
Seelachs,fish
Toffifee,candy
Flunder,fish
Zitrone,fruits
Flunder,fish
Schinken,meat
Haferflocken,groats
Kindertee,child_food
Traubensaft,drinks
Schildkrötenfutter,pet_food
Dipsauce,sauces
Butter,dairy_goods
Jelly Beans,candy
Orangensaft,drinks
Rösti,frozen_goods
Gerste,groats
Kaffee,drinks
Tiefkühlgemüse,frozen_goods
Kohl,vegetables
Kirschkonfitüre,canned_goods
Paprikapulver,spices
Schokolinsen,candy
Seehecht,fish
Mentholbonbons,candy
Kindermüsli,child_food
Rote Bete,vegetables
Couscous,pasta
Braten,meat
Tartarensauce,sauces
Krabben,fish
Beerenmix (TK),frozen_goods
Bohnen,vegetables
Orangensaft,drinks
Pommes Frites,frozen_goods
Kinderpunsch,child_food
Seehecht,fish
Hot Sauce,sauces
Gerste,groats
Schweinekotelett,meat
Braten,meat
Feta,dairy_goods
Ciabatta,bread
Chicken Nuggets,frozen_goods
Currysauce,sauces
Rindersteak,meat
Couscous,pasta
Vanilleeis,frozen_goods
Dinkelbrot,bread
Aubergine,vegetables
Kabeljau,fish
Fischfutter,pet_food
Penne,pasta
Radieschen,vegetables
Reptilienfutter,pet_food
Gouda Käse,dairy_goods
Wein,drinks
Gerste,groats
Himbeeren (TK),frozen_goods
Brötchen,bread
Gurke,vegetables
Schokolinsen,candy
Limette,fruits
Chicken Nuggets,frozen_goods
Mangosalsa,canned_goods
Speck,meat
Tagliatelle,pasta
Spinat (TK),frozen_goods
Zitronenbonbons,candy
Sahne,dairy_goods
Basilikum,spices
Thunfisch,fish
Orzo,pasta
Milchnahrung,child_food
Kohl,vegetables
Babykost,child_food
Eiscreme,frozen_goods
Mortadella,meat
Seelachs,fish
Mais,canned_goods
Taubenfutter,pet_food
Waffeln (TK),frozen_goods
Camembert,dairy_goods
Mais,canned_goods
Bohnen,vegetables
Spaetzle,pasta
Haferschrot,groats
Schokoeis,frozen_goods
Karotte,vegetables
Gläschenkost,child_food
Chicken Nuggets,frozen_goods
Sojaflocken,groats
Maccheroni,pasta
Penne,pasta
Traube,fruits
Aubergine,vegetables
Pralinen,confectionery
Gläschenkost,child_food
Tintenfisch,fish
Zwiebelbrot,bread
Gerstenflocken,groats
Sojasauce,sauces
Orange,fruits
Kinderjoghurt,child_food
Reis,groats
Sekt,drinks
Gouda Käse,dairy_goods
Tintenfisch,fish
Kurkuma,spices
Quark,dairy_goods
Erbsen,vegetables
Reptilienfutter,pet_food
Backfisch,frozen_goods
Gnocchi,pasta
Feta,dairy_goods
Haferflocken,groats
Lakritzschnecken,candy
Spaghetti,pasta
Rote Bete,vegetables
Mortadella,meat
Sauerteigbrot,bread
Tomatensauce,sauces
Goldfischfutter,pet_food
Schmand,dairy_goods
Thymian,spices
Cola,drinks
Karamell,confectionery
Schlagsahne,dairy_goods
Roggenbrot,bread
Béchamelsauce,sauces
Schlagsahne,dairy_goods
Fladenbrot,bread
Vodka,drinks
Haferflocken,groats
Rosmarin,spices
Kürbis,vegetables
Bonbons,confectionery
Flunder,fish
Orzo,pasta
Dinkelgrütze,groats
Dinkelgrütze,groats
Backfisch,frozen_goods
Gerstenflocken,groats
Gouda Käse,dairy_goods
Hamsterfutter,pet_food
Erbsen,canned_goods
Rösti,frozen_goods
Beerenmix (TK),frozen_goods
Mett,meat
Pesto,sauces
Blumenkohl,vegetables
Gnocchi,pasta
Sojasauce,sauces
Früchtekompott,canned_goods
Schokolade,confectionery
Lachsfleisch,canned_goods
Haferschrot,groats
Gin,drinks
Kaubonbons,candy
Lachsfilet,fish
Toffifee,candy
Erbsen,canned_goods
Rösti,frozen_goods
Maisgrieß,groats
Tiefkühlgemüse,frozen_goods
Gemüsemix,canned_goods
Feta,dairy_goods
Vogelfutter,pet_food
Schmand,dairy_goods
Sekt,drinks
Cannelloni,pasta
Blaubeeren (TK),frozen_goods
Babyteig,child_food
Lorbeerblatt,spices
Kartoffelbrei,child_food
Hotdogbrötchen,bread
Fischbrei,child_food
Fischbrei,child_food
Goldfischfutter,pet_food
Salsa,sauces
Muskat,spices
Katzenleckerlies,pet_food
Pita,bread
Mayonnaise,sauces
Forelle,fish
Mozzarella,dairy_goods
Seelachs,fish
Glasnudeln,pasta
Babyteig,child_food
Currysoße,sauces
Garnelen,fish
Seelachs,fish
Erbsen,canned_goods
Vodka,drinks
Rindersteak,meat
Erbsen (TK),frozen_goods
Braten,meat
Knoblauchsoße,sauces
Birne,fruits
Bier,drinks
Sellerie,vegetables
Fladenbrot,bread
Rum,drinks
Zitronenbonbons,candy
Bratwurst,meat
Melone,fruits
Kürbis,vegetables
Vogelfutter,pet_food
Rosmarin,spices
Kreuzkümmel,spices
Mortadella,meat
Hirse,groats
Weizenbrot,bread
Gemüsemix,canned_goods
Limette,fruits
Lorbeerblatt,spices
Tee,drinks
Blumenkohl,vegetables
Birne,fruits
Kinderjoghurt,child_food
Chili con Carne,canned_goods
Baguette,bread
Erbsen,vegetables
Quinoa,groats
Tomate,vegetables
Mett,meat
Ciabatta,bread
Tomatensauce,sauces
Reis,groats
Cola-Bonbons,candy
Schinken,meat
Pesto,sauces
Spaetzle,pasta
Pizzasauce,sauces
Bonbons,confectionery
Mayonnaise,sauces
Vodka,drinks
Putenbrust,meat
Reisbrei,child_food
Mango,fruits
Toffifee,candy
Toastbrot,bread
Kaubonbons,candy
Makrele,fish
Muskat,spices
Kohl,vegetables
Rosmarin,spices
Gin,drinks
Flunder,fish
Vodka,drinks
Mozzarella,dairy_goods
Gin,drinks
Ciabatta,bread
Vollkornbrot,bread
Kirsche,fruits
Tiefkühlgemüse,frozen_goods
Cookies,confectionery
Paprika,vegetables
Goldfischfutter,pet_food
Tagliatelle,pasta
Gurke,vegetables
Maccheroni,pasta
Kreuzkümmel,spices
Birne,fruits
Blaubeeren (TK),frozen_goods
Rindersteak,meat
Zitronenschokolade,candy
Cola-Bonbons,candy
Nougat,confectionery
Whiskey,drinks
Pralinen,confectionery
Gummibärli,candy
Kindertee,child_food
Paprikapulver,spices
Nougat,confectionery
Soba,pasta
Katzenfutter,pet_food
Krabben,fish
Sekt,drinks
Garnelen,fish
Maisbrot,bread
Petersilie,spices
Zuckerwatte,confectionery
Camembert,dairy_goods
Pilze,canned_goods
Zitrone,fruits
Schmand,dairy_goods
Lutschbonbons,candy
Barbecuesauce,sauces
Wellensittichfutter,pet_food
Mineralwasser,drinks
Schokolade,confectionery
Reis,groats
Flunder,fish
Fruchtgummi,candy
Schnittlauch,spices
Blaubeeren (TK),frozen_goods
Mozzarella,dairy_goods
Eiscreme,frozen_goods
Haferkleie,groats
Kaffee,drinks
Toastbrot,bread
Zuckerstange,candy
Bulgur,groats
Schokolade,confectionery
Wasser,drinks
Vogelfutter,pet_food
Orangensaft,drinks
Kartoffelbrei,child_food
Lakritzschnecken,candy
Meerschweinchenfutter,pet_food
Traubensaft,drinks
Hüttenkäse,dairy_goods
Eiscreme,frozen_goods
Gurke,vegetables
Zuckerstange,candy
Kiwi,fruits
Fischbrei,child_food
Kekse,confectionery
Rote Bete,vegetables
Seelachs,fish
Kindermüsli,child_food
Papaya,fruits
Kokosmilch,canned_goods
Nougat,confectionery
Mineralwasser,drinks
Karamell,confectionery
Rösti,frozen_goods
Paprikapulver,spices
Hot Sauce,sauces
Quark,dairy_goods
Marshmallows,confectionery
Tee,drinks
Zwiebelbrot,bread
Vollkornbrot,bread
Mango,fruits
Brötchen,bread
Orzo,pasta
Gemüsemix,canned_goods
Fischstäbchen,frozen_goods
Barbecuesauce,sauces
Kabeljau,fish
Gerste,groats
Kinderjoghurt,child_food
Ananas,canned_goods
Früchtekompott,canned_goods
Wein,drinks
Kekse,confectionery
Himbeeren (TK),frozen_goods
Gin,drinks
Schokolade,confectionery
Rinderhack,meat
Ziegenkäse,dairy_goods
Pfirsich,fruits
Schnittlauch,spices
Skyr,dairy_goods
Bohnen,canned_goods
Gemüsemix,canned_goods
Prosecco,drinks
Muffins,confectionery
Muscheln,fish
Prosecco,drinks
Nelken,spices
Vogelsamen,pet_food
Milch,dairy_goods
Fleischbrei,child_food
Salz,spices
Hot Sauce,sauces
Dinkelgrütze,groats
Kaninchenfutter,pet_food
Schildkrötenfutter,pet_food
Sellerie,vegetables
Rote Bete,vegetables
Mascarpone,dairy_goods
Garnelen,fish
Braten,meat
Tomatensauce,sauces
Katzenfutter,pet_food
Wellensittichfutter,pet_food
Radieschen,vegetables
Obstpastillen,candy
Tomatensauce,sauces
Lakritzdragees,candy
Hecht,fish
Pita,bread
Mangosalsa,canned_goods
Apfel,fruits
Senf,sauces
Hunde-Kauknochen,pet_food
Mayonnaise,sauces
Lutschbonbons,candy
Weizenbrot,bread
Mentholbonbons,candy
Gerste,groats
Nektarine,fruits
Sauerteigbrot,bread
Chili con Carne,canned_goods
Kaninchenfutter,pet_food
Tomaten,canned_goods
Currysauce,sauces
Thunfisch,fish
Obstpastillen,candy
Vogelsamen,pet_food
Vogelfutter,pet_food
Bonbons,confectionery
Rinderhack,meat
Forelle,fish
Dinkelbrot,bread
Bohnen,vegetables
Seehecht,fish
Bratwurst,meat
Hunde-Kauknochen,pet_food
Katzenleckerlies,pet_food
Fenchel,vegetables
Gemüsemix,canned_goods
Melone,fruits
Kirschkonfitüre,canned_goods
Kabeljau,fish
Fischbrei,child_food
Scholle,fish
Blaubeeren (TK),frozen_goods
Paprikapulver,spices
Kindertee,child_food
Lorbeerblatt,spices
Zitronenschokolade,candy
Bohnen,canned_goods
Cookies,confectionery
Rote Bete,vegetables
Maisgrieß,groats
Haferkleie,groats
Kaninchenfutter,pet_food
Oregano,spices
Gouda Käse,dairy_goods
Goldfischfutter,pet_food
Seelachs,fish
Beerenmix (TK),frozen_goods
Waffeln (TK),frozen_goods
Tagliatelle,pasta
Muscheln,fish
Polenta,groats
Zwiebelbrot,bread
Hamsterfutter,pet_food
Cola-Bonbons,candy
Béchamelsauce,sauces
Limonade,drinks
Rote Bete,vegetables
Kefir,dairy_goods
Muffins,confectionery
Radieschen,vegetables
Kokosmilch,canned_goods
Wasser,drinks
Babyteig,child_food
Fenchel,vegetables
Kokosmilch,canned_goods
Putenbrust,meat
Filetsteak,meat
Weizenbrot,bread
Dill,spices
Grieß,groats
Kokosmilch,canned_goods
Brokkoli,vegetables
Kekse,confectionery
Erbsen,canned_goods
Filetsteak,meat
Schokolade,confectionery
Thymian,spices
Schokoeis,frozen_goods
Teigtaschen (TK),frozen_goods
Karotte,vegetables
Ricotta,dairy_goods
Kaffee,drinks
Limonade,drinks
Wassermelone,fruits
Fischstäbchen,frozen_goods
Katzenleckerlies,pet_food
Quinoa,groats
Fischstäbchen,frozen_goods
Lorbeerblatt,spices
Rinderhack,meat
Oliven,canned_goods
Lachsfleisch,canned_goods
Rote Bete,vegetables
Fleischbrei,child_food
Nelken,spices
Eiscreme,frozen_goods
Erbsen,vegetables
Tagliatelle,pasta
Fladenbrot,bread
Karotte,vegetables
Ciabatta,bread
Erbsen (TK),frozen_goods
Chili,spices
Backfisch,frozen_goods
Spinat,vegetables
Chili,spices
Garnelen,fish
Chicken Nuggets,frozen_goods
Fleischbrei,child_food
Leberwurst,meat
Kefir,dairy_goods
Ricotta,dairy_goods
Paprikapulver,spices
Salami,meat
Hering,fish
Quark,dairy_goods
Salami,meat
Nektarine,fruits
Körnerbrot,bread
Mascarpone,dairy_goods
Knoblauchsoße,sauces
Focaccia,bread
Muskat,spices
Petersilie,spices
Quinoa,groats
Croissant,confectionery
Lakritzdragees,candy
Fladenbrot,bread
Oregano,spices
Cupcakes,confectionery
Paprika,vegetables
Kefir,dairy_goods
Lutschbonbons,candy
Dinkelbrot,bread
Nektarine,fruits
Gemüsebrei,child_food
Lakritzschnecken,candy
Tomaten,canned_goods
Thymian,spices
Mett,meat
Cola-Bonbons,candy
Wellensittichfutter,pet_food
Farfalline,pasta
Amaranth,groats
Erbsen (TK),frozen_goods
Blumenkohl,vegetables
Mascarpone,dairy_goods
Oliven,canned_goods
Skyr,dairy_goods
Sardellen,canned_goods
Toffee,confectionery
Pferdefutter,pet_food
Ciabatta,bread
Hollandaise,sauces
Pizzasauce,sauces
Schnittlauch,spices
Kohl,vegetables
Hüttenkäse,dairy_goods
Früchtekompott,canned_goods
Fleischbrei,child_food
Backfisch,frozen_goods
Seelachs,fish
Schmand,dairy_goods
Pferdefutter,pet_food
Putenbrust,meat
Tagliatelle,pasta
Mangosalsa,canned_goods
Ananas,fruits
Apfelsaft,drinks
Babybrei,child_food
Bulgur,groats
Katzenleckerlies,pet_food
Ramen,pasta
Beerenmix (TK),frozen_goods
Tagliatelle,pasta
Knoblauchsoße,sauces
Birne,fruits
Erbsen,canned_goods
Mett,meat
Limonade,drinks
Limonade,drinks
Reisbrei,child_food
Fischfutter,pet_food
Toffifee,candy
Kabeljau,fish
Cupcakes,confectionery
Pfeffer,spices
Muscheln,fish
Hamsterfutter,pet_food
Rote Bete,vegetables
Pferdefutter,pet_food
Ananas,canned_goods
Spinat,vegetables
Tierfutter,pet_food
Brötchen,bread
Wasser,drinks
Tintenfisch,fish
Rösti,frozen_goods
Baguette,bread
Pilze,canned_goods
Senf,sauces
Brokkoli,vegetables
Vogelfutter,pet_food
Frischkäse,dairy_goods
Brownies,confectionery
Couscous,groats
Mett,meat
Eiscreme,frozen_goods
Bauernbrot,bread
Tagliatelle,pasta
Salsa,sauces
Toastbrot,bread
Gouda Käse,dairy_goods
Kaninchenfutter,pet_food
Gläschenkost,child_food
Milchnahrung,child_food
Kaugummi,candy
Früchtekompott,canned_goods
Putenbrust,meat
Thymian,spices
Mango,fruits
Knoblauchsoße,sauces
Milchnahrung,child_food
Chicken Nuggets,frozen_goods
Sardinen,fish
Katzenfutter,pet_food
Himbeeren (TK),frozen_goods
Wasser,drinks
Bohnen,canned_goods
Karamell,confectionery
Spaghetti,pasta
Baguette,bread
Körnerbrot,bread
Hot Sauce,sauces
Haferbrei,child_food
Paprika,vegetables
Schokoeis,frozen_goods
Camembert,dairy_goods
Pizzasauce,sauces
Couscous,pasta
Currysauce,sauces
Sojasauce,sauces
Barbecuesauce,sauces
Dill,spices
Zitrone,fruits
Waffel,confectionery
Gerste,groats
Feta,dairy_goods
Kirschkonfitüre,canned_goods
Reisbrei,child_food
Möhrengemüse (TK),frozen_goods
Wassermelone,fruits
Banane,fruits
Hotdogbrötchen,bread
Schokoeis,frozen_goods
Nougat,confectionery
Zitronenbonbons,candy
Baguette,bread
Ciabatta,bread
Hähnchenbrust,meat
Kirsche,fruits
Kindermüsli,child_food
Makrele,fish
Pfeffer,spices
Sojasauce,sauces
Kurkuma,spices
Erbsen (TK),frozen_goods
Jelly Beans,candy
Schnittlauch,spices
Erbsen,canned_goods
Schokolinsen,candy
Dill,spices
Kirschkonfitüre,canned_goods
Schinken,meat
Lauch,vegetables
Limette,fruits
Farfalline,pasta
Muffins,confectionery
Gemüsemix,canned_goods
Blumenkohl,vegetables
Wasser,drinks
Kaninchenfutter,pet_food
Brötchen,bread
Muscheln,fish
Dipsauce,sauces
Krabben,fish
Toffee,confectionery
Reptilienfutter,pet_food
Körnerbrot,bread
Mineralwasser,drinks
Katzenfutter,pet_food
Kartoffelbrei,child_food
Hotdogbrötchen,bread
Kaninchenfutter,pet_food
Sojasauce,sauces
Spaetzle,pasta
Seelachs,fish
Haferkleie,groats
Gemüsebrei,child_food
Gerstenflocken,groats
Fladenbrot,bread
Gin,drinks
Gnocchi,pasta
Tomatensauce,sauces
Muskat,spices
Pralinen,confectionery
Kartoffelbrei,child_food
Brownies,confectionery
Mentholbonbons,candy
Limette,fruits
Pesto,sauces
Hot Sauce,sauces
Schokolade,confectionery
Kaninchenfutter,pet_food
Pralinen,confectionery
Fusilli,pasta
Bohnen,canned_goods
Schinken,meat
Couscous,pasta
Katzenfutter,pet_food
Kirschkonfitüre,canned_goods
Kidneybohnen,canned_goods
Mentholbonbons,candy
Lauch,vegetables
Ananas,fruits
Brokkoli,vegetables
Babykeks,child_food
Himbeeren (TK),frozen_goods
Schinken,meat
Teigtaschen (TK),frozen_goods
Rote Bete,vegetables
Chili con Carne,canned_goods
Zuckerstange,candy
Apfel,fruits
Orzo,pasta
Feta,dairy_goods
Kinderjoghurt,child_food
Garnelen,fish
Gyros,meat
Hot Sauce,sauces
Wellensittichfutter,pet_food
Ananas,fruits
Spaetzle,pasta
Paprikapulver,spices
Marshmallows,confectionery
Spinat,vegetables
Kinderpunsch,child_food
Zuckerstange,candy
Reis,groats
Pferdefutter,pet_food
Ananas,fruits
Bauernbrot,bread
Thymian,spices
Mangosalsa,canned_goods
Erbsen,canned_goods
Schokolinsen,candy
Grieß,groats
Ciabatta,bread
Sellerie,vegetables
Seehecht,fish
Nektarine,fruits
Katzenfutter,pet_food
Fischbrei,child_food
Spinat (TK),frozen_goods
Katzenfutter,pet_food
Rösti,frozen_goods
Radieschen,vegetables
Mango,fruits
Schokolade,confectionery
Erbsen,vegetables
Limette,fruits
Süßigkeitenmix,candy
Schokolinsen,candy
Sahne,dairy_goods
Zitrone,fruits
Gnocchi,pasta
Zucchini,vegetables
Schnittlauch,spices
Kaugummi,candy
Senf,sauces
Chili con Carne,canned_goods
Thunfisch,canned_goods
Schokolinsen,candy
Katzenfutter,pet_food
Gläschenkost,child_food
Bauernbrot,bread
Quinoa,groats
Salz,spices
Sojaflocken,groats
Orangensaft,drinks
Fischstäbchen,frozen_goods
Couscous,groats
Fischbrei,child_food
Bonbons,confectionery
Pommes Frites,frozen_goods
Pesto,sauces
Paprika,vegetables
Quinoa,groats
Meerschweinchenfutter,pet_food
Gemüsebrei,child_food
Himbeeren (TK),frozen_goods
Weizenbrot,bread
Ramen,pasta
Lakritz,confectionery
Pferdefutter,pet_food
Hollandaise,sauces
Speck,meat
Brownies,confectionery
Gerstenflocken,groats
Putenbrust,meat
Lutschbonbons,candy
Hering,fish
Polenta,groats
Toffifee,candy
Blaubeeren (TK),frozen_goods
Donuts,confectionery
Banane,fruits
Eiscreme,frozen_goods
Babykeks,child_food
Kaubonbons,candy
Ananas,fruits
Koriander,spices
Senf,sauces
Sekt,drinks
Kirsche,fruits
Kiwi,fruits
Sojaflocken,groats
